-- phpMyAdmin SQL Dump
-- version 5.2.1
-- https://www.phpmyadmin.net/
--
-- Anamakine: 127.0.0.1
-- Üretim Zamanı: 30 Ara 2023, 14:04:27
-- Sunucu sürümü: 10.4.28-MariaDB
-- PHP Sürümü: 8.2.4

SET SQL_MODE = "NO_AUTO_VALUE_ON_ZERO";
START TRANSACTION;
SET time_zone = "+00:00";


/*!40101 SET @OLD_CHARACTER_SET_CLIENT=@@CHARACTER_SET_CLIENT */;
/*!40101 SET @OLD_CHARACTER_SET_RESULTS=@@CHARACTER_SET_RESULTS */;
/*!40101 SET @OLD_COLLATION_CONNECTION=@@COLLATION_CONNECTION */;
/*!40101 SET NAMES utf8mb4 */;

--
-- Veritabanı: `sinema_bilet`
--

-- --------------------------------------------------------

--
-- Tablo için tablo yapısı `biletler`
--

CREATE TABLE `biletler` (
  `biletID` int(11) NOT NULL,
  `kullaniciID` int(11) DEFAULT NULL,
  `filmID` int(11) DEFAULT NULL,
  `salonID` int(11) DEFAULT NULL,
  `koltukID` int(11) DEFAULT NULL,
  `tarih` timestamp NOT NULL DEFAULT current_timestamp(),
  `seans` time DEFAULT NULL
) ENGINE=InnoDB DEFAULT CHARSET=utf8mb4 COLLATE=utf8mb4_general_ci;

--
-- Tablo döküm verisi `biletler`
--

INSERT INTO `biletler` (`biletID`, `kullaniciID`, `filmID`, `salonID`, `koltukID`, `tarih`, `seans`) VALUES
(22, 19, 1, 1, 265, '2023-12-29 18:40:00', '12:00:00'),
(26, 19, 2, 2, 617, '2023-12-29 18:45:03', '12:00:00'),
(27, 19, 2, 2, 713, '2023-12-29 18:45:03', '14:00:00'),
(28, 19, 2, 2, 809, '2023-12-29 18:45:04', '16:00:00'),
(29, 19, 2, 2, 905, '2023-12-29 18:45:04', '18:00:00'),
(31, 19, 1, 1, 443, '2023-12-30 10:37:46', '16:00:00'),
(32, 19, 1, 1, 354, '2023-12-30 10:37:49', '14:00:00'),
(33, 19, 1, 1, 532, '2023-12-30 10:37:53', '18:00:00'),
(34, 19, 3, 3, 969, '2023-12-30 10:45:24', '12:00:00'),
(35, 19, 3, 3, 1066, '2023-12-30 10:45:24', '14:00:00'),
(36, 19, 3, 3, 1163, '2023-12-30 10:45:25', '16:00:00'),
(37, 19, 3, 3, 1260, '2023-12-30 10:45:25', '18:00:00'),
(38, 19, 4, 4, 1416, '2023-12-30 10:53:14', '12:00:00'),
(39, 19, 4, 4, 1512, '2023-12-30 10:53:14', '14:00:00'),
(40, 19, 4, 4, 1608, '2023-12-30 10:53:14', '16:00:00'),
(41, 19, 4, 4, 1704, '2023-12-30 10:53:14', '18:00:00');

-- --------------------------------------------------------

--
-- Tablo için tablo yapısı `filmler`
--

CREATE TABLE `filmler` (
  `filmID` int(11) NOT NULL,
  `filmAdi` varchar(255) DEFAULT NULL,
  `yonetmen` varchar(255) DEFAULT NULL,
  `tur` varchar(255) DEFAULT NULL,
  `salonID` int(11) DEFAULT NULL,
  `afis` varchar(255) DEFAULT NULL,
  `aciklama` text DEFAULT NULL
) ENGINE=InnoDB DEFAULT CHARSET=utf8mb4 COLLATE=utf8mb4_general_ci;

--
-- Tablo döküm verisi `filmler`
--

INSERT INTO `filmler` (`filmID`, `filmAdi`, `yonetmen`, `tur`, `salonID`, `afis`, `aciklama`) VALUES
(1, 'TESTERE X', 'Kevin Greutert', 'Gerilim', 1, 'img/2.jpg', 'Testere 10, kendisini dolandıranlardan intikam almak için harekete geçen Jigsaw’un hikayesini konu ediyor. Kanser hastası olan John, bütün umudunu kaybetmiştir. Deneysel ve çok riskli bir ameliyat olmaya karar veren John, bunun için Meksika’ya doğru yola koyulur. Ancak onun hastalığını tedavi etmeye yönelik bu ameliyat tamamen düzmecedir. En savunmasız anında dolandırılan John, intikam almak için en iyi yaptığı işe geri döner. John, kendisini dolandıranları delice ve usta işi tuzaklarıyla sınamak için harekete geçer.'),
(2, 'WHO AM I', 'Baran bo Odar', 'Gerilim , Suç', 2, 'img/3.jpg', 'Toplumla fazla bir ilişkisi bulunmayan genç bir hacker olan Benjamin (Tom Schilling), Max (Elyas M\'Barek) adında bir başka hacker\'la tanışır. Stephan ve Paul adlı yazılım ve donanım uzmanlarıyla birlikte CLAY adında bir hacker\'lar grubu kurarlar. CLAY son derece yıkıcı faaliyetleriyle adını duyurmaktadır. Europol ve istihbarat teşkilatlarını peşine takan grup için işler yolunda gitse de onları hedefine alan karanlık bir hacker grubu, onlarla her yoldan rekabet etmeye çalışacaktır.'),
(3, 'OPPENHEIMER', 'Christopher Nolan', 'Gerilim', 3, 'img/4.jpg', 'Amerikalı fizikçi Julius Robert Oppenheimer\'ın hayatına odaklanılan filmde, Julius Robert Oppenheimer’ın, İkinci Dünya Savaşı sırasında atom bombasının geliştirilme sürecindeki rolü gözler önüne seriliyor. New Mexico\'daki Los Alamos Ulusal Laboratuvarında, o ve ekibi, uzun çalışmaların ardından bir nükleer silah geliştirmesinin ardından Oppenheimer \'atom bombasının babası\' ilan edilir. Ancak ölümcül icadının Hiroşima ve Nagazaki\'de kullanılacak olması, Oppenheimer\'ın kendisini projeden uzaklaştırmasına neden olur. Savaş sona ermek üzereyken, Lewis Strauss\'un ortak kurduğu ABD Atom Enerjisi Ajansı\'nın danışmanı olan Robert Oppenheimer, nükleer enerjinin uluslararası kontrolüne ve nükleer silahlanma yarışına karşı olduğunu savunur ve bu nedenle ABD tarafından hedef haline gelir.'),
(4, 'THE BATMAN', 'Matt Reeves', 'Aksiyon , Suç', 4, 'img/5.jpg', 'The Batman, suçluların kalplerine korku salan Batman\'in Riddler isimli bir seri katille mücadelesini konu ediyor. Batman olarak iki yıl sokaklarda dolaşmak ve suçlulara korku salmak Bruce Wayne\'i Gotham City\'nin karanlığının kalbine sürükledi. Gizemli bir seri katil Riddler, şehrin seçkinlerini hedef alıp bir dizi sadist ve hain saldırı gerçekleştirdiğinde Batman, Riddler\'in izini sürmeye başlar. İpuçlarının peşinden giden Batman\'in yolu bu süreçte Catwoman olarak bilinen Selina Kyle, Penguen olarak da bilinen Oswald Cobblepot ve Carmine Falcone gibi karakterlerle kesişir. Batman kurduğu yeni ilişkilerin de yardımıyla suçluların maskesini düşürmek ve Gotham Şehri’ni eski huzuruna kavuşturmak için zorlu bir mücadeleye girişir.');

-- --------------------------------------------------------

--
-- Tablo için tablo yapısı `koltuklar`
--

CREATE TABLE `koltuklar` (
  `koltukID` int(11) NOT NULL,
  `filmID` int(11) DEFAULT NULL,
  `salonID` int(11) DEFAULT NULL,
  `siraNumarasi` int(11) DEFAULT NULL,
  `koltukNumarasi` int(11) DEFAULT NULL,
  `durum` int(11) DEFAULT NULL,
  `seans` time DEFAULT NULL
) ENGINE=InnoDB DEFAULT CHARSET=utf8mb4 COLLATE=utf8mb4_general_ci;

--
-- Tablo döküm verisi `koltuklar`
--

INSERT INTO `koltuklar` (`koltukID`, `filmID`, `salonID`, `siraNumarasi`, `koltukNumarasi`, `durum`, `seans`) VALUES
(265, 1, 1, 1, 1, 1, '12:00:00'),
(266, 1, 1, 1, 2, 0, '12:00:00'),
(267, 1, 1, 1, 3, 0, '12:00:00'),
(268, 1, 1, 1, 4, 0, '12:00:00'),
(269, 1, 1, 1, 5, 0, '12:00:00'),
(270, 1, 1, 1, 6, 0, '12:00:00'),
(271, 1, 1, 1, 7, 0, '12:00:00'),
(272, 1, 1, 1, 8, 0, '12:00:00'),
(273, 1, 1, 2, 1, 0, '12:00:00'),
(274, 1, 1, 2, 2, 0, '12:00:00'),
(275, 1, 1, 2, 3, 0, '12:00:00'),
(276, 1, 1, 2, 4, 0, '12:00:00'),
(277, 1, 1, 2, 5, 0, '12:00:00'),
(278, 1, 1, 2, 6, 0, '12:00:00'),
(279, 1, 1, 2, 7, 0, '12:00:00'),
(280, 1, 1, 2, 8, 0, '12:00:00'),
(281, 1, 1, 3, 1, 0, '12:00:00'),
(282, 1, 1, 3, 2, 0, '12:00:00'),
(283, 1, 1, 3, 3, 0, '12:00:00'),
(284, 1, 1, 3, 4, 0, '12:00:00'),
(285, 1, 1, 3, 5, 0, '12:00:00'),
(286, 1, 1, 3, 6, 0, '12:00:00'),
(287, 1, 1, 3, 7, 0, '12:00:00'),
(288, 1, 1, 3, 8, 0, '12:00:00'),
(289, 1, 1, 4, 1, 0, '12:00:00'),
(290, 1, 1, 4, 2, 0, '12:00:00'),
(291, 1, 1, 4, 3, 0, '12:00:00'),
(292, 1, 1, 4, 4, 0, '12:00:00'),
(293, 1, 1, 4, 5, 0, '12:00:00'),
(294, 1, 1, 4, 6, 0, '12:00:00'),
(295, 1, 1, 4, 7, 0, '12:00:00'),
(296, 1, 1, 4, 8, 0, '12:00:00'),
(297, 1, 1, 5, 1, 0, '12:00:00'),
(298, 1, 1, 5, 2, 0, '12:00:00'),
(299, 1, 1, 5, 3, 0, '12:00:00'),
(300, 1, 1, 5, 4, 0, '12:00:00'),
(301, 1, 1, 5, 5, 0, '12:00:00'),
(302, 1, 1, 5, 6, 0, '12:00:00'),
(303, 1, 1, 5, 7, 0, '12:00:00'),
(304, 1, 1, 5, 8, 0, '12:00:00'),
(305, 1, 1, 6, 1, 0, '12:00:00'),
(306, 1, 1, 6, 2, 0, '12:00:00'),
(307, 1, 1, 6, 3, 0, '12:00:00'),
(308, 1, 1, 6, 4, 0, '12:00:00'),
(309, 1, 1, 6, 5, 0, '12:00:00'),
(310, 1, 1, 6, 6, 0, '12:00:00'),
(311, 1, 1, 6, 7, 0, '12:00:00'),
(312, 1, 1, 6, 8, 0, '12:00:00'),
(313, 1, 1, 7, 1, 0, '12:00:00'),
(314, 1, 1, 7, 2, 0, '12:00:00'),
(315, 1, 1, 7, 3, 0, '12:00:00'),
(316, 1, 1, 7, 4, 0, '12:00:00'),
(317, 1, 1, 7, 5, 0, '12:00:00'),
(318, 1, 1, 7, 6, 0, '12:00:00'),
(319, 1, 1, 7, 7, 0, '12:00:00'),
(320, 1, 1, 7, 8, 0, '12:00:00'),
(321, 1, 1, 8, 1, 0, '12:00:00'),
(322, 1, 1, 8, 2, 0, '12:00:00'),
(323, 1, 1, 8, 3, 0, '12:00:00'),
(324, 1, 1, 8, 4, 0, '12:00:00'),
(325, 1, 1, 8, 5, 0, '12:00:00'),
(326, 1, 1, 8, 6, 0, '12:00:00'),
(327, 1, 1, 8, 7, 0, '12:00:00'),
(328, 1, 1, 8, 8, 0, '12:00:00'),
(329, 1, 1, 9, 1, 0, '12:00:00'),
(330, 1, 1, 9, 2, 0, '12:00:00'),
(331, 1, 1, 9, 3, 0, '12:00:00'),
(332, 1, 1, 9, 4, 0, '12:00:00'),
(333, 1, 1, 9, 5, 0, '12:00:00'),
(334, 1, 1, 9, 6, 0, '12:00:00'),
(335, 1, 1, 9, 7, 0, '12:00:00'),
(336, 1, 1, 9, 8, 0, '12:00:00'),
(337, 1, 1, 10, 1, 0, '12:00:00'),
(338, 1, 1, 10, 2, 0, '12:00:00'),
(339, 1, 1, 10, 3, 0, '12:00:00'),
(340, 1, 1, 10, 4, 0, '12:00:00'),
(341, 1, 1, 10, 5, 0, '12:00:00'),
(342, 1, 1, 10, 6, 0, '12:00:00'),
(343, 1, 1, 10, 7, 0, '12:00:00'),
(344, 1, 1, 10, 8, 0, '12:00:00'),
(345, 1, 1, 11, 1, 0, '12:00:00'),
(346, 1, 1, 11, 2, 0, '12:00:00'),
(347, 1, 1, 11, 3, 0, '12:00:00'),
(348, 1, 1, 11, 4, 0, '12:00:00'),
(349, 1, 1, 11, 5, 0, '12:00:00'),
(350, 1, 1, 11, 6, 0, '12:00:00'),
(351, 1, 1, 11, 7, 0, '12:00:00'),
(352, 1, 1, 11, 8, 0, '12:00:00'),
(353, 1, 1, 1, 1, 0, '14:00:00'),
(354, 1, 1, 1, 2, 1, '14:00:00'),
(355, 1, 1, 1, 3, 0, '14:00:00'),
(356, 1, 1, 1, 4, 0, '14:00:00'),
(357, 1, 1, 1, 5, 0, '14:00:00'),
(358, 1, 1, 1, 6, 0, '14:00:00'),
(359, 1, 1, 1, 7, 0, '14:00:00'),
(360, 1, 1, 1, 8, 0, '14:00:00'),
(361, 1, 1, 2, 1, 0, '14:00:00'),
(362, 1, 1, 2, 2, 0, '14:00:00'),
(363, 1, 1, 2, 3, 0, '14:00:00'),
(364, 1, 1, 2, 4, 0, '14:00:00'),
(365, 1, 1, 2, 5, 0, '14:00:00'),
(366, 1, 1, 2, 6, 0, '14:00:00'),
(367, 1, 1, 2, 7, 0, '14:00:00'),
(368, 1, 1, 2, 8, 0, '14:00:00'),
(369, 1, 1, 3, 1, 0, '14:00:00'),
(370, 1, 1, 3, 2, 0, '14:00:00'),
(371, 1, 1, 3, 3, 0, '14:00:00'),
(372, 1, 1, 3, 4, 0, '14:00:00'),
(373, 1, 1, 3, 5, 0, '14:00:00'),
(374, 1, 1, 3, 6, 0, '14:00:00'),
(375, 1, 1, 3, 7, 0, '14:00:00'),
(376, 1, 1, 3, 8, 0, '14:00:00'),
(377, 1, 1, 4, 1, 0, '14:00:00'),
(378, 1, 1, 4, 2, 0, '14:00:00'),
(379, 1, 1, 4, 3, 0, '14:00:00'),
(380, 1, 1, 4, 4, 0, '14:00:00'),
(381, 1, 1, 4, 5, 0, '14:00:00'),
(382, 1, 1, 4, 6, 0, '14:00:00'),
(383, 1, 1, 4, 7, 0, '14:00:00'),
(384, 1, 1, 4, 8, 0, '14:00:00'),
(385, 1, 1, 5, 1, 0, '14:00:00'),
(386, 1, 1, 5, 2, 0, '14:00:00'),
(387, 1, 1, 5, 3, 0, '14:00:00'),
(388, 1, 1, 5, 4, 0, '14:00:00'),
(389, 1, 1, 5, 5, 0, '14:00:00'),
(390, 1, 1, 5, 6, 0, '14:00:00'),
(391, 1, 1, 5, 7, 0, '14:00:00'),
(392, 1, 1, 5, 8, 0, '14:00:00'),
(393, 1, 1, 6, 1, 0, '14:00:00'),
(394, 1, 1, 6, 2, 0, '14:00:00'),
(395, 1, 1, 6, 3, 0, '14:00:00'),
(396, 1, 1, 6, 4, 0, '14:00:00'),
(397, 1, 1, 6, 5, 0, '14:00:00'),
(398, 1, 1, 6, 6, 0, '14:00:00'),
(399, 1, 1, 6, 7, 0, '14:00:00'),
(400, 1, 1, 6, 8, 0, '14:00:00'),
(401, 1, 1, 7, 1, 0, '14:00:00'),
(402, 1, 1, 7, 2, 0, '14:00:00'),
(403, 1, 1, 7, 3, 0, '14:00:00'),
(404, 1, 1, 7, 4, 0, '14:00:00'),
(405, 1, 1, 7, 5, 0, '14:00:00'),
(406, 1, 1, 7, 6, 0, '14:00:00'),
(407, 1, 1, 7, 7, 0, '14:00:00'),
(408, 1, 1, 7, 8, 0, '14:00:00'),
(409, 1, 1, 8, 1, 0, '14:00:00'),
(410, 1, 1, 8, 2, 0, '14:00:00'),
(411, 1, 1, 8, 3, 0, '14:00:00'),
(412, 1, 1, 8, 4, 0, '14:00:00'),
(413, 1, 1, 8, 5, 0, '14:00:00'),
(414, 1, 1, 8, 6, 0, '14:00:00'),
(415, 1, 1, 8, 7, 0, '14:00:00'),
(416, 1, 1, 8, 8, 0, '14:00:00'),
(417, 1, 1, 9, 1, 0, '14:00:00'),
(418, 1, 1, 9, 2, 0, '14:00:00'),
(419, 1, 1, 9, 3, 0, '14:00:00'),
(420, 1, 1, 9, 4, 0, '14:00:00'),
(421, 1, 1, 9, 5, 0, '14:00:00'),
(422, 1, 1, 9, 6, 0, '14:00:00'),
(423, 1, 1, 9, 7, 0, '14:00:00'),
(424, 1, 1, 9, 8, 0, '14:00:00'),
(425, 1, 1, 10, 1, 0, '14:00:00'),
(426, 1, 1, 10, 2, 0, '14:00:00'),
(427, 1, 1, 10, 3, 0, '14:00:00'),
(428, 1, 1, 10, 4, 0, '14:00:00'),
(429, 1, 1, 10, 5, 0, '14:00:00'),
(430, 1, 1, 10, 6, 0, '14:00:00'),
(431, 1, 1, 10, 7, 0, '14:00:00'),
(432, 1, 1, 10, 8, 0, '14:00:00'),
(433, 1, 1, 11, 1, 0, '14:00:00'),
(434, 1, 1, 11, 2, 0, '14:00:00'),
(435, 1, 1, 11, 3, 0, '14:00:00'),
(436, 1, 1, 11, 4, 0, '14:00:00'),
(437, 1, 1, 11, 5, 0, '14:00:00'),
(438, 1, 1, 11, 6, 0, '14:00:00'),
(439, 1, 1, 11, 7, 0, '14:00:00'),
(440, 1, 1, 11, 8, 0, '14:00:00'),
(441, 1, 1, 1, 1, 0, '16:00:00'),
(442, 1, 1, 1, 2, 0, '16:00:00'),
(443, 1, 1, 1, 3, 1, '16:00:00'),
(444, 1, 1, 1, 4, 0, '16:00:00'),
(445, 1, 1, 1, 5, 0, '16:00:00'),
(446, 1, 1, 1, 6, 0, '16:00:00'),
(447, 1, 1, 1, 7, 0, '16:00:00'),
(448, 1, 1, 1, 8, 0, '16:00:00'),
(449, 1, 1, 2, 1, 0, '16:00:00'),
(450, 1, 1, 2, 2, 0, '16:00:00'),
(451, 1, 1, 2, 3, 0, '16:00:00'),
(452, 1, 1, 2, 4, 0, '16:00:00'),
(453, 1, 1, 2, 5, 0, '16:00:00'),
(454, 1, 1, 2, 6, 0, '16:00:00'),
(455, 1, 1, 2, 7, 0, '16:00:00'),
(456, 1, 1, 2, 8, 0, '16:00:00'),
(457, 1, 1, 3, 1, 0, '16:00:00'),
(458, 1, 1, 3, 2, 0, '16:00:00'),
(459, 1, 1, 3, 3, 0, '16:00:00'),
(460, 1, 1, 3, 4, 0, '16:00:00'),
(461, 1, 1, 3, 5, 0, '16:00:00'),
(462, 1, 1, 3, 6, 0, '16:00:00'),
(463, 1, 1, 3, 7, 0, '16:00:00'),
(464, 1, 1, 3, 8, 0, '16:00:00'),
(465, 1, 1, 4, 1, 0, '16:00:00'),
(466, 1, 1, 4, 2, 0, '16:00:00'),
(467, 1, 1, 4, 3, 0, '16:00:00'),
(468, 1, 1, 4, 4, 0, '16:00:00'),
(469, 1, 1, 4, 5, 0, '16:00:00'),
(470, 1, 1, 4, 6, 0, '16:00:00'),
(471, 1, 1, 4, 7, 0, '16:00:00'),
(472, 1, 1, 4, 8, 0, '16:00:00'),
(473, 1, 1, 5, 1, 0, '16:00:00'),
(474, 1, 1, 5, 2, 0, '16:00:00'),
(475, 1, 1, 5, 3, 0, '16:00:00'),
(476, 1, 1, 5, 4, 0, '16:00:00'),
(477, 1, 1, 5, 5, 0, '16:00:00'),
(478, 1, 1, 5, 6, 0, '16:00:00'),
(479, 1, 1, 5, 7, 0, '16:00:00'),
(480, 1, 1, 5, 8, 0, '16:00:00'),
(481, 1, 1, 6, 1, 0, '16:00:00'),
(482, 1, 1, 6, 2, 0, '16:00:00'),
(483, 1, 1, 6, 3, 0, '16:00:00'),
(484, 1, 1, 6, 4, 0, '16:00:00'),
(485, 1, 1, 6, 5, 0, '16:00:00'),
(486, 1, 1, 6, 6, 0, '16:00:00'),
(487, 1, 1, 6, 7, 0, '16:00:00'),
(488, 1, 1, 6, 8, 0, '16:00:00'),
(489, 1, 1, 7, 1, 0, '16:00:00'),
(490, 1, 1, 7, 2, 0, '16:00:00'),
(491, 1, 1, 7, 3, 0, '16:00:00'),
(492, 1, 1, 7, 4, 0, '16:00:00'),
(493, 1, 1, 7, 5, 0, '16:00:00'),
(494, 1, 1, 7, 6, 0, '16:00:00'),
(495, 1, 1, 7, 7, 0, '16:00:00'),
(496, 1, 1, 7, 8, 0, '16:00:00'),
(497, 1, 1, 8, 1, 0, '16:00:00'),
(498, 1, 1, 8, 2, 0, '16:00:00'),
(499, 1, 1, 8, 3, 0, '16:00:00'),
(500, 1, 1, 8, 4, 0, '16:00:00'),
(501, 1, 1, 8, 5, 0, '16:00:00'),
(502, 1, 1, 8, 6, 0, '16:00:00'),
(503, 1, 1, 8, 7, 0, '16:00:00'),
(504, 1, 1, 8, 8, 0, '16:00:00'),
(505, 1, 1, 9, 1, 0, '16:00:00'),
(506, 1, 1, 9, 2, 0, '16:00:00'),
(507, 1, 1, 9, 3, 0, '16:00:00'),
(508, 1, 1, 9, 4, 0, '16:00:00'),
(509, 1, 1, 9, 5, 0, '16:00:00'),
(510, 1, 1, 9, 6, 0, '16:00:00'),
(511, 1, 1, 9, 7, 0, '16:00:00'),
(512, 1, 1, 9, 8, 0, '16:00:00'),
(513, 1, 1, 10, 1, 0, '16:00:00'),
(514, 1, 1, 10, 2, 0, '16:00:00'),
(515, 1, 1, 10, 3, 0, '16:00:00'),
(516, 1, 1, 10, 4, 0, '16:00:00'),
(517, 1, 1, 10, 5, 0, '16:00:00'),
(518, 1, 1, 10, 6, 0, '16:00:00'),
(519, 1, 1, 10, 7, 0, '16:00:00'),
(520, 1, 1, 10, 8, 0, '16:00:00'),
(521, 1, 1, 11, 1, 0, '16:00:00'),
(522, 1, 1, 11, 2, 0, '16:00:00'),
(523, 1, 1, 11, 3, 0, '16:00:00'),
(524, 1, 1, 11, 4, 0, '16:00:00'),
(525, 1, 1, 11, 5, 0, '16:00:00'),
(526, 1, 1, 11, 6, 0, '16:00:00'),
(527, 1, 1, 11, 7, 0, '16:00:00'),
(528, 1, 1, 11, 8, 0, '16:00:00'),
(529, 1, 1, 1, 1, 0, '18:00:00'),
(530, 1, 1, 1, 2, 0, '18:00:00'),
(531, 1, 1, 1, 3, 0, '18:00:00'),
(532, 1, 1, 1, 4, 1, '18:00:00'),
(533, 1, 1, 1, 5, 0, '18:00:00'),
(534, 1, 1, 1, 6, 0, '18:00:00'),
(535, 1, 1, 1, 7, 0, '18:00:00'),
(536, 1, 1, 1, 8, 0, '18:00:00'),
(537, 1, 1, 2, 1, 0, '18:00:00'),
(538, 1, 1, 2, 2, 0, '18:00:00'),
(539, 1, 1, 2, 3, 0, '18:00:00'),
(540, 1, 1, 2, 4, 0, '18:00:00'),
(541, 1, 1, 2, 5, 0, '18:00:00'),
(542, 1, 1, 2, 6, 0, '18:00:00'),
(543, 1, 1, 2, 7, 0, '18:00:00'),
(544, 1, 1, 2, 8, 0, '18:00:00'),
(545, 1, 1, 3, 1, 0, '18:00:00'),
(546, 1, 1, 3, 2, 0, '18:00:00'),
(547, 1, 1, 3, 3, 0, '18:00:00'),
(548, 1, 1, 3, 4, 0, '18:00:00'),
(549, 1, 1, 3, 5, 0, '18:00:00'),
(550, 1, 1, 3, 6, 0, '18:00:00'),
(551, 1, 1, 3, 7, 0, '18:00:00'),
(552, 1, 1, 3, 8, 0, '18:00:00'),
(553, 1, 1, 4, 1, 0, '18:00:00'),
(554, 1, 1, 4, 2, 0, '18:00:00'),
(555, 1, 1, 4, 3, 0, '18:00:00'),
(556, 1, 1, 4, 4, 0, '18:00:00'),
(557, 1, 1, 4, 5, 0, '18:00:00'),
(558, 1, 1, 4, 6, 0, '18:00:00'),
(559, 1, 1, 4, 7, 0, '18:00:00'),
(560, 1, 1, 4, 8, 0, '18:00:00'),
(561, 1, 1, 5, 1, 0, '18:00:00'),
(562, 1, 1, 5, 2, 0, '18:00:00'),
(563, 1, 1, 5, 3, 0, '18:00:00'),
(564, 1, 1, 5, 4, 0, '18:00:00'),
(565, 1, 1, 5, 5, 0, '18:00:00'),
(566, 1, 1, 5, 6, 0, '18:00:00'),
(567, 1, 1, 5, 7, 0, '18:00:00'),
(568, 1, 1, 5, 8, 0, '18:00:00'),
(569, 1, 1, 6, 1, 0, '18:00:00'),
(570, 1, 1, 6, 2, 0, '18:00:00'),
(571, 1, 1, 6, 3, 0, '18:00:00'),
(572, 1, 1, 6, 4, 0, '18:00:00'),
(573, 1, 1, 6, 5, 0, '18:00:00'),
(574, 1, 1, 6, 6, 0, '18:00:00'),
(575, 1, 1, 6, 7, 0, '18:00:00'),
(576, 1, 1, 6, 8, 0, '18:00:00'),
(577, 1, 1, 7, 1, 0, '18:00:00'),
(578, 1, 1, 7, 2, 0, '18:00:00'),
(579, 1, 1, 7, 3, 0, '18:00:00'),
(580, 1, 1, 7, 4, 0, '18:00:00'),
(581, 1, 1, 7, 5, 0, '18:00:00'),
(582, 1, 1, 7, 6, 0, '18:00:00'),
(583, 1, 1, 7, 7, 0, '18:00:00'),
(584, 1, 1, 7, 8, 0, '18:00:00'),
(585, 1, 1, 8, 1, 0, '18:00:00'),
(586, 1, 1, 8, 2, 0, '18:00:00'),
(587, 1, 1, 8, 3, 0, '18:00:00'),
(588, 1, 1, 8, 4, 0, '18:00:00'),
(589, 1, 1, 8, 5, 0, '18:00:00'),
(590, 1, 1, 8, 6, 0, '18:00:00'),
(591, 1, 1, 8, 7, 0, '18:00:00'),
(592, 1, 1, 8, 8, 0, '18:00:00'),
(593, 1, 1, 9, 1, 0, '18:00:00'),
(594, 1, 1, 9, 2, 0, '18:00:00'),
(595, 1, 1, 9, 3, 0, '18:00:00'),
(596, 1, 1, 9, 4, 0, '18:00:00'),
(597, 1, 1, 9, 5, 0, '18:00:00'),
(598, 1, 1, 9, 6, 0, '18:00:00'),
(599, 1, 1, 9, 7, 0, '18:00:00'),
(600, 1, 1, 9, 8, 0, '18:00:00'),
(601, 1, 1, 10, 1, 0, '18:00:00'),
(602, 1, 1, 10, 2, 0, '18:00:00'),
(603, 1, 1, 10, 3, 0, '18:00:00'),
(604, 1, 1, 10, 4, 0, '18:00:00'),
(605, 1, 1, 10, 5, 0, '18:00:00'),
(606, 1, 1, 10, 6, 0, '18:00:00'),
(607, 1, 1, 10, 7, 0, '18:00:00'),
(608, 1, 1, 10, 8, 0, '18:00:00'),
(609, 1, 1, 11, 1, 0, '18:00:00'),
(610, 1, 1, 11, 2, 0, '18:00:00'),
(611, 1, 1, 11, 3, 0, '18:00:00'),
(612, 1, 1, 11, 4, 0, '18:00:00'),
(613, 1, 1, 11, 5, 0, '18:00:00'),
(614, 1, 1, 11, 6, 0, '18:00:00'),
(615, 1, 1, 11, 7, 0, '18:00:00'),
(616, 1, 1, 11, 8, 0, '18:00:00'),
(617, 2, 2, 1, 1, 1, '12:00:00'),
(618, 2, 2, 1, 2, 0, '12:00:00'),
(619, 2, 2, 1, 3, 0, '12:00:00'),
(620, 2, 2, 1, 4, 0, '12:00:00'),
(621, 2, 2, 1, 5, 0, '12:00:00'),
(622, 2, 2, 1, 6, 0, '12:00:00'),
(623, 2, 2, 1, 7, 0, '12:00:00'),
(624, 2, 2, 1, 8, 0, '12:00:00'),
(625, 2, 2, 2, 1, 0, '12:00:00'),
(626, 2, 2, 2, 2, 0, '12:00:00'),
(627, 2, 2, 2, 3, 0, '12:00:00'),
(628, 2, 2, 2, 4, 0, '12:00:00'),
(629, 2, 2, 2, 5, 0, '12:00:00'),
(630, 2, 2, 2, 6, 0, '12:00:00'),
(631, 2, 2, 2, 7, 0, '12:00:00'),
(632, 2, 2, 2, 8, 0, '12:00:00'),
(633, 2, 2, 3, 1, 0, '12:00:00'),
(634, 2, 2, 3, 2, 0, '12:00:00'),
(635, 2, 2, 3, 3, 0, '12:00:00'),
(636, 2, 2, 3, 4, 0, '12:00:00'),
(637, 2, 2, 3, 5, 0, '12:00:00'),
(638, 2, 2, 3, 6, 0, '12:00:00'),
(639, 2, 2, 3, 7, 0, '12:00:00'),
(640, 2, 2, 3, 8, 0, '12:00:00'),
(641, 2, 2, 4, 1, 0, '12:00:00'),
(642, 2, 2, 4, 2, 0, '12:00:00'),
(643, 2, 2, 4, 3, 0, '12:00:00'),
(644, 2, 2, 4, 4, 0, '12:00:00'),
(645, 2, 2, 4, 5, 0, '12:00:00'),
(646, 2, 2, 4, 6, 0, '12:00:00'),
(647, 2, 2, 4, 7, 0, '12:00:00'),
(648, 2, 2, 4, 8, 0, '12:00:00'),
(649, 2, 2, 5, 1, 0, '12:00:00'),
(650, 2, 2, 5, 2, 0, '12:00:00'),
(651, 2, 2, 5, 3, 0, '12:00:00'),
(652, 2, 2, 5, 4, 0, '12:00:00'),
(653, 2, 2, 5, 5, 0, '12:00:00'),
(654, 2, 2, 5, 6, 0, '12:00:00'),
(655, 2, 2, 5, 7, 0, '12:00:00'),
(656, 2, 2, 5, 8, 0, '12:00:00'),
(657, 2, 2, 6, 1, 0, '12:00:00'),
(658, 2, 2, 6, 2, 0, '12:00:00'),
(659, 2, 2, 6, 3, 0, '12:00:00'),
(660, 2, 2, 6, 4, 0, '12:00:00'),
(661, 2, 2, 6, 5, 0, '12:00:00'),
(662, 2, 2, 6, 6, 0, '12:00:00'),
(663, 2, 2, 6, 7, 0, '12:00:00'),
(664, 2, 2, 6, 8, 0, '12:00:00'),
(665, 2, 2, 7, 1, 0, '12:00:00'),
(666, 2, 2, 7, 2, 0, '12:00:00'),
(667, 2, 2, 7, 3, 0, '12:00:00'),
(668, 2, 2, 7, 4, 0, '12:00:00'),
(669, 2, 2, 7, 5, 0, '12:00:00'),
(670, 2, 2, 7, 6, 0, '12:00:00'),
(671, 2, 2, 7, 7, 0, '12:00:00'),
(672, 2, 2, 7, 8, 0, '12:00:00'),
(673, 2, 2, 8, 1, 0, '12:00:00'),
(674, 2, 2, 8, 2, 0, '12:00:00'),
(675, 2, 2, 8, 3, 0, '12:00:00'),
(676, 2, 2, 8, 4, 0, '12:00:00'),
(677, 2, 2, 8, 5, 0, '12:00:00'),
(678, 2, 2, 8, 6, 0, '12:00:00'),
(679, 2, 2, 8, 7, 0, '12:00:00'),
(680, 2, 2, 8, 8, 0, '12:00:00'),
(681, 2, 2, 9, 1, 0, '12:00:00'),
(682, 2, 2, 9, 2, 0, '12:00:00'),
(683, 2, 2, 9, 3, 0, '12:00:00'),
(684, 2, 2, 9, 4, 0, '12:00:00'),
(685, 2, 2, 9, 5, 0, '12:00:00'),
(686, 2, 2, 9, 6, 0, '12:00:00'),
(687, 2, 2, 9, 7, 0, '12:00:00'),
(688, 2, 2, 9, 8, 0, '12:00:00'),
(689, 2, 2, 10, 1, 0, '12:00:00'),
(690, 2, 2, 10, 2, 0, '12:00:00'),
(691, 2, 2, 10, 3, 0, '12:00:00'),
(692, 2, 2, 10, 4, 0, '12:00:00'),
(693, 2, 2, 10, 5, 0, '12:00:00'),
(694, 2, 2, 10, 6, 0, '12:00:00'),
(695, 2, 2, 10, 7, 0, '12:00:00'),
(696, 2, 2, 10, 8, 0, '12:00:00'),
(697, 2, 2, 11, 1, 0, '12:00:00'),
(698, 2, 2, 11, 2, 0, '12:00:00'),
(699, 2, 2, 11, 3, 0, '12:00:00'),
(700, 2, 2, 11, 4, 0, '12:00:00'),
(701, 2, 2, 11, 5, 0, '12:00:00'),
(702, 2, 2, 11, 6, 0, '12:00:00'),
(703, 2, 2, 11, 7, 0, '12:00:00'),
(704, 2, 2, 11, 8, 0, '12:00:00'),
(705, 2, 2, 1, 1, 0, '14:00:00'),
(706, 2, 2, 1, 2, 0, '14:00:00'),
(707, 2, 2, 1, 3, 0, '14:00:00'),
(708, 2, 2, 1, 4, 0, '14:00:00'),
(709, 2, 2, 1, 5, 0, '14:00:00'),
(710, 2, 2, 1, 6, 0, '14:00:00'),
(711, 2, 2, 1, 7, 0, '14:00:00'),
(712, 2, 2, 1, 8, 0, '14:00:00'),
(713, 2, 2, 2, 1, 1, '14:00:00'),
(714, 2, 2, 2, 2, 0, '14:00:00'),
(715, 2, 2, 2, 3, 0, '14:00:00'),
(716, 2, 2, 2, 4, 0, '14:00:00'),
(717, 2, 2, 2, 5, 0, '14:00:00'),
(718, 2, 2, 2, 6, 0, '14:00:00'),
(719, 2, 2, 2, 7, 0, '14:00:00'),
(720, 2, 2, 2, 8, 0, '14:00:00'),
(721, 2, 2, 3, 1, 0, '14:00:00'),
(722, 2, 2, 3, 2, 0, '14:00:00'),
(723, 2, 2, 3, 3, 0, '14:00:00'),
(724, 2, 2, 3, 4, 0, '14:00:00'),
(725, 2, 2, 3, 5, 0, '14:00:00'),
(726, 2, 2, 3, 6, 0, '14:00:00'),
(727, 2, 2, 3, 7, 0, '14:00:00'),
(728, 2, 2, 3, 8, 0, '14:00:00'),
(729, 2, 2, 4, 1, 0, '14:00:00'),
(730, 2, 2, 4, 2, 0, '14:00:00'),
(731, 2, 2, 4, 3, 0, '14:00:00'),
(732, 2, 2, 4, 4, 0, '14:00:00'),
(733, 2, 2, 4, 5, 0, '14:00:00'),
(734, 2, 2, 4, 6, 0, '14:00:00'),
(735, 2, 2, 4, 7, 0, '14:00:00'),
(736, 2, 2, 4, 8, 0, '14:00:00'),
(737, 2, 2, 5, 1, 0, '14:00:00'),
(738, 2, 2, 5, 2, 0, '14:00:00'),
(739, 2, 2, 5, 3, 0, '14:00:00'),
(740, 2, 2, 5, 4, 0, '14:00:00'),
(741, 2, 2, 5, 5, 0, '14:00:00'),
(742, 2, 2, 5, 6, 0, '14:00:00'),
(743, 2, 2, 5, 7, 0, '14:00:00'),
(744, 2, 2, 5, 8, 0, '14:00:00'),
(745, 2, 2, 6, 1, 0, '14:00:00'),
(746, 2, 2, 6, 2, 0, '14:00:00'),
(747, 2, 2, 6, 3, 0, '14:00:00'),
(748, 2, 2, 6, 4, 0, '14:00:00'),
(749, 2, 2, 6, 5, 0, '14:00:00'),
(750, 2, 2, 6, 6, 0, '14:00:00'),
(751, 2, 2, 6, 7, 0, '14:00:00'),
(752, 2, 2, 6, 8, 0, '14:00:00'),
(753, 2, 2, 7, 1, 0, '14:00:00'),
(754, 2, 2, 7, 2, 0, '14:00:00'),
(755, 2, 2, 7, 3, 0, '14:00:00'),
(756, 2, 2, 7, 4, 0, '14:00:00'),
(757, 2, 2, 7, 5, 0, '14:00:00'),
(758, 2, 2, 7, 6, 0, '14:00:00'),
(759, 2, 2, 7, 7, 0, '14:00:00'),
(760, 2, 2, 7, 8, 0, '14:00:00'),
(761, 2, 2, 8, 1, 0, '14:00:00'),
(762, 2, 2, 8, 2, 0, '14:00:00'),
(763, 2, 2, 8, 3, 0, '14:00:00'),
(764, 2, 2, 8, 4, 0, '14:00:00'),
(765, 2, 2, 8, 5, 0, '14:00:00'),
(766, 2, 2, 8, 6, 0, '14:00:00'),
(767, 2, 2, 8, 7, 0, '14:00:00'),
(768, 2, 2, 8, 8, 0, '14:00:00'),
(769, 2, 2, 9, 1, 0, '14:00:00'),
(770, 2, 2, 9, 2, 0, '14:00:00'),
(771, 2, 2, 9, 3, 0, '14:00:00'),
(772, 2, 2, 9, 4, 0, '14:00:00'),
(773, 2, 2, 9, 5, 0, '14:00:00'),
(774, 2, 2, 9, 6, 0, '14:00:00'),
(775, 2, 2, 9, 7, 0, '14:00:00'),
(776, 2, 2, 9, 8, 0, '14:00:00'),
(777, 2, 2, 10, 1, 0, '14:00:00'),
(778, 2, 2, 10, 2, 0, '14:00:00'),
(779, 2, 2, 10, 3, 0, '14:00:00'),
(780, 2, 2, 10, 4, 0, '14:00:00'),
(781, 2, 2, 10, 5, 0, '14:00:00'),
(782, 2, 2, 10, 6, 0, '14:00:00'),
(783, 2, 2, 10, 7, 0, '14:00:00'),
(784, 2, 2, 10, 8, 0, '14:00:00'),
(785, 2, 2, 11, 1, 0, '14:00:00'),
(786, 2, 2, 11, 2, 0, '14:00:00'),
(787, 2, 2, 11, 3, 0, '14:00:00'),
(788, 2, 2, 11, 4, 0, '14:00:00'),
(789, 2, 2, 11, 5, 0, '14:00:00'),
(790, 2, 2, 11, 6, 0, '14:00:00'),
(791, 2, 2, 11, 7, 0, '14:00:00'),
(792, 2, 2, 11, 8, 0, '14:00:00'),
(793, 2, 2, 1, 1, 0, '16:00:00'),
(794, 2, 2, 1, 2, 0, '16:00:00'),
(795, 2, 2, 1, 3, 0, '16:00:00'),
(796, 2, 2, 1, 4, 0, '16:00:00'),
(797, 2, 2, 1, 5, 0, '16:00:00'),
(798, 2, 2, 1, 6, 0, '16:00:00'),
(799, 2, 2, 1, 7, 0, '16:00:00'),
(800, 2, 2, 1, 8, 0, '16:00:00'),
(801, 2, 2, 2, 1, 0, '16:00:00'),
(802, 2, 2, 2, 2, 0, '16:00:00'),
(803, 2, 2, 2, 3, 0, '16:00:00'),
(804, 2, 2, 2, 4, 0, '16:00:00'),
(805, 2, 2, 2, 5, 0, '16:00:00'),
(806, 2, 2, 2, 6, 0, '16:00:00'),
(807, 2, 2, 2, 7, 0, '16:00:00'),
(808, 2, 2, 2, 8, 0, '16:00:00'),
(809, 2, 2, 3, 1, 1, '16:00:00'),
(810, 2, 2, 3, 2, 0, '16:00:00'),
(811, 2, 2, 3, 3, 0, '16:00:00'),
(812, 2, 2, 3, 4, 0, '16:00:00'),
(813, 2, 2, 3, 5, 0, '16:00:00'),
(814, 2, 2, 3, 6, 0, '16:00:00'),
(815, 2, 2, 3, 7, 0, '16:00:00'),
(816, 2, 2, 3, 8, 0, '16:00:00'),
(817, 2, 2, 4, 1, 0, '16:00:00'),
(818, 2, 2, 4, 2, 0, '16:00:00'),
(819, 2, 2, 4, 3, 0, '16:00:00'),
(820, 2, 2, 4, 4, 0, '16:00:00'),
(821, 2, 2, 4, 5, 0, '16:00:00'),
(822, 2, 2, 4, 6, 0, '16:00:00'),
(823, 2, 2, 4, 7, 0, '16:00:00'),
(824, 2, 2, 4, 8, 0, '16:00:00'),
(825, 2, 2, 5, 1, 0, '16:00:00'),
(826, 2, 2, 5, 2, 0, '16:00:00'),
(827, 2, 2, 5, 3, 0, '16:00:00'),
(828, 2, 2, 5, 4, 0, '16:00:00'),
(829, 2, 2, 5, 5, 0, '16:00:00'),
(830, 2, 2, 5, 6, 0, '16:00:00'),
(831, 2, 2, 5, 7, 0, '16:00:00'),
(832, 2, 2, 5, 8, 0, '16:00:00'),
(833, 2, 2, 6, 1, 0, '16:00:00'),
(834, 2, 2, 6, 2, 0, '16:00:00'),
(835, 2, 2, 6, 3, 0, '16:00:00'),
(836, 2, 2, 6, 4, 0, '16:00:00'),
(837, 2, 2, 6, 5, 0, '16:00:00'),
(838, 2, 2, 6, 6, 0, '16:00:00'),
(839, 2, 2, 6, 7, 0, '16:00:00'),
(840, 2, 2, 6, 8, 0, '16:00:00'),
(841, 2, 2, 7, 1, 0, '16:00:00'),
(842, 2, 2, 7, 2, 0, '16:00:00'),
(843, 2, 2, 7, 3, 0, '16:00:00'),
(844, 2, 2, 7, 4, 0, '16:00:00'),
(845, 2, 2, 7, 5, 0, '16:00:00'),
(846, 2, 2, 7, 6, 0, '16:00:00'),
(847, 2, 2, 7, 7, 0, '16:00:00'),
(848, 2, 2, 7, 8, 0, '16:00:00'),
(849, 2, 2, 8, 1, 0, '16:00:00'),
(850, 2, 2, 8, 2, 0, '16:00:00'),
(851, 2, 2, 8, 3, 0, '16:00:00'),
(852, 2, 2, 8, 4, 0, '16:00:00'),
(853, 2, 2, 8, 5, 0, '16:00:00'),
(854, 2, 2, 8, 6, 0, '16:00:00'),
(855, 2, 2, 8, 7, 0, '16:00:00'),
(856, 2, 2, 8, 8, 0, '16:00:00'),
(857, 2, 2, 9, 1, 0, '16:00:00'),
(858, 2, 2, 9, 2, 0, '16:00:00'),
(859, 2, 2, 9, 3, 0, '16:00:00'),
(860, 2, 2, 9, 4, 0, '16:00:00'),
(861, 2, 2, 9, 5, 0, '16:00:00'),
(862, 2, 2, 9, 6, 0, '16:00:00'),
(863, 2, 2, 9, 7, 0, '16:00:00'),
(864, 2, 2, 9, 8, 0, '16:00:00'),
(865, 2, 2, 10, 1, 0, '16:00:00'),
(866, 2, 2, 10, 2, 0, '16:00:00'),
(867, 2, 2, 10, 3, 0, '16:00:00'),
(868, 2, 2, 10, 4, 0, '16:00:00'),
(869, 2, 2, 10, 5, 0, '16:00:00'),
(870, 2, 2, 10, 6, 0, '16:00:00'),
(871, 2, 2, 10, 7, 0, '16:00:00'),
(872, 2, 2, 10, 8, 0, '16:00:00'),
(873, 2, 2, 11, 1, 0, '16:00:00'),
(874, 2, 2, 11, 2, 0, '16:00:00'),
(875, 2, 2, 11, 3, 0, '16:00:00'),
(876, 2, 2, 11, 4, 0, '16:00:00'),
(877, 2, 2, 11, 5, 0, '16:00:00'),
(878, 2, 2, 11, 6, 0, '16:00:00'),
(879, 2, 2, 11, 7, 0, '16:00:00'),
(880, 2, 2, 11, 8, 0, '16:00:00'),
(881, 2, 2, 1, 1, 0, '18:00:00'),
(882, 2, 2, 1, 2, 0, '18:00:00'),
(883, 2, 2, 1, 3, 0, '18:00:00'),
(884, 2, 2, 1, 4, 0, '18:00:00'),
(885, 2, 2, 1, 5, 0, '18:00:00'),
(886, 2, 2, 1, 6, 0, '18:00:00'),
(887, 2, 2, 1, 7, 0, '18:00:00'),
(888, 2, 2, 1, 8, 0, '18:00:00'),
(889, 2, 2, 2, 1, 0, '18:00:00'),
(890, 2, 2, 2, 2, 0, '18:00:00'),
(891, 2, 2, 2, 3, 0, '18:00:00'),
(892, 2, 2, 2, 4, 0, '18:00:00'),
(893, 2, 2, 2, 5, 0, '18:00:00'),
(894, 2, 2, 2, 6, 0, '18:00:00'),
(895, 2, 2, 2, 7, 0, '18:00:00'),
(896, 2, 2, 2, 8, 0, '18:00:00'),
(897, 2, 2, 3, 1, 0, '18:00:00'),
(898, 2, 2, 3, 2, 0, '18:00:00'),
(899, 2, 2, 3, 3, 0, '18:00:00'),
(900, 2, 2, 3, 4, 0, '18:00:00'),
(901, 2, 2, 3, 5, 0, '18:00:00'),
(902, 2, 2, 3, 6, 0, '18:00:00'),
(903, 2, 2, 3, 7, 0, '18:00:00'),
(904, 2, 2, 3, 8, 0, '18:00:00'),
(905, 2, 2, 4, 1, 1, '18:00:00'),
(906, 2, 2, 4, 2, 0, '18:00:00'),
(907, 2, 2, 4, 3, 0, '18:00:00'),
(908, 2, 2, 4, 4, 0, '18:00:00'),
(909, 2, 2, 4, 5, 0, '18:00:00'),
(910, 2, 2, 4, 6, 0, '18:00:00'),
(911, 2, 2, 4, 7, 0, '18:00:00'),
(912, 2, 2, 4, 8, 0, '18:00:00'),
(913, 2, 2, 5, 1, 0, '18:00:00'),
(914, 2, 2, 5, 2, 0, '18:00:00'),
(915, 2, 2, 5, 3, 0, '18:00:00'),
(916, 2, 2, 5, 4, 0, '18:00:00'),
(917, 2, 2, 5, 5, 0, '18:00:00'),
(918, 2, 2, 5, 6, 0, '18:00:00'),
(919, 2, 2, 5, 7, 0, '18:00:00'),
(920, 2, 2, 5, 8, 0, '18:00:00'),
(921, 2, 2, 6, 1, 0, '18:00:00'),
(922, 2, 2, 6, 2, 0, '18:00:00'),
(923, 2, 2, 6, 3, 0, '18:00:00'),
(924, 2, 2, 6, 4, 0, '18:00:00'),
(925, 2, 2, 6, 5, 0, '18:00:00'),
(926, 2, 2, 6, 6, 0, '18:00:00'),
(927, 2, 2, 6, 7, 0, '18:00:00'),
(928, 2, 2, 6, 8, 0, '18:00:00'),
(929, 2, 2, 7, 1, 0, '18:00:00'),
(930, 2, 2, 7, 2, 0, '18:00:00'),
(931, 2, 2, 7, 3, 0, '18:00:00'),
(932, 2, 2, 7, 4, 0, '18:00:00'),
(933, 2, 2, 7, 5, 0, '18:00:00'),
(934, 2, 2, 7, 6, 0, '18:00:00'),
(935, 2, 2, 7, 7, 0, '18:00:00'),
(936, 2, 2, 7, 8, 0, '18:00:00'),
(937, 2, 2, 8, 1, 0, '18:00:00'),
(938, 2, 2, 8, 2, 0, '18:00:00'),
(939, 2, 2, 8, 3, 0, '18:00:00'),
(940, 2, 2, 8, 4, 0, '18:00:00'),
(941, 2, 2, 8, 5, 0, '18:00:00'),
(942, 2, 2, 8, 6, 0, '18:00:00'),
(943, 2, 2, 8, 7, 0, '18:00:00'),
(944, 2, 2, 8, 8, 0, '18:00:00'),
(945, 2, 2, 9, 1, 0, '18:00:00'),
(946, 2, 2, 9, 2, 0, '18:00:00'),
(947, 2, 2, 9, 3, 0, '18:00:00'),
(948, 2, 2, 9, 4, 0, '18:00:00'),
(949, 2, 2, 9, 5, 0, '18:00:00'),
(950, 2, 2, 9, 6, 0, '18:00:00'),
(951, 2, 2, 9, 7, 0, '18:00:00'),
(952, 2, 2, 9, 8, 0, '18:00:00'),
(953, 2, 2, 10, 1, 0, '18:00:00'),
(954, 2, 2, 10, 2, 0, '18:00:00'),
(955, 2, 2, 10, 3, 0, '18:00:00'),
(956, 2, 2, 10, 4, 0, '18:00:00'),
(957, 2, 2, 10, 5, 0, '18:00:00'),
(958, 2, 2, 10, 6, 0, '18:00:00'),
(959, 2, 2, 10, 7, 0, '18:00:00'),
(960, 2, 2, 10, 8, 0, '18:00:00'),
(961, 2, 2, 11, 1, 0, '18:00:00'),
(962, 2, 2, 11, 2, 0, '18:00:00'),
(963, 2, 2, 11, 3, 0, '18:00:00'),
(964, 2, 2, 11, 4, 0, '18:00:00'),
(965, 2, 2, 11, 5, 0, '18:00:00'),
(966, 2, 2, 11, 6, 0, '18:00:00'),
(967, 2, 2, 11, 7, 0, '18:00:00'),
(968, 2, 2, 11, 8, 0, '18:00:00'),
(969, 3, 3, 1, 1, 1, '12:00:00'),
(970, 3, 3, 1, 2, 0, '12:00:00'),
(971, 3, 3, 1, 3, 0, '12:00:00'),
(972, 3, 3, 1, 4, 0, '12:00:00'),
(973, 3, 3, 1, 5, 0, '12:00:00'),
(974, 3, 3, 1, 6, 0, '12:00:00'),
(975, 3, 3, 1, 7, 0, '12:00:00'),
(976, 3, 3, 1, 8, 0, '12:00:00'),
(977, 3, 3, 2, 1, 0, '12:00:00'),
(978, 3, 3, 2, 2, 0, '12:00:00'),
(979, 3, 3, 2, 3, 0, '12:00:00'),
(980, 3, 3, 2, 4, 0, '12:00:00'),
(981, 3, 3, 2, 5, 0, '12:00:00'),
(982, 3, 3, 2, 6, 0, '12:00:00'),
(983, 3, 3, 2, 7, 0, '12:00:00'),
(984, 3, 3, 2, 8, 0, '12:00:00'),
(985, 3, 3, 3, 1, 0, '12:00:00'),
(986, 3, 3, 3, 2, 0, '12:00:00'),
(987, 3, 3, 3, 3, 0, '12:00:00'),
(988, 3, 3, 3, 4, 0, '12:00:00'),
(989, 3, 3, 3, 5, 0, '12:00:00'),
(990, 3, 3, 3, 6, 0, '12:00:00'),
(991, 3, 3, 3, 7, 0, '12:00:00'),
(992, 3, 3, 3, 8, 0, '12:00:00'),
(993, 3, 3, 4, 1, 0, '12:00:00'),
(994, 3, 3, 4, 2, 0, '12:00:00'),
(995, 3, 3, 4, 3, 0, '12:00:00'),
(996, 3, 3, 4, 4, 0, '12:00:00'),
(997, 3, 3, 4, 5, 0, '12:00:00'),
(998, 3, 3, 4, 6, 0, '12:00:00'),
(999, 3, 3, 4, 7, 0, '12:00:00'),
(1000, 3, 3, 4, 8, 0, '12:00:00'),
(1001, 3, 3, 5, 1, 0, '12:00:00'),
(1002, 3, 3, 5, 2, 0, '12:00:00'),
(1003, 3, 3, 5, 3, 0, '12:00:00'),
(1004, 3, 3, 5, 4, 0, '12:00:00'),
(1005, 3, 3, 5, 5, 0, '12:00:00'),
(1006, 3, 3, 5, 6, 0, '12:00:00'),
(1007, 3, 3, 5, 7, 0, '12:00:00'),
(1008, 3, 3, 5, 8, 0, '12:00:00'),
(1009, 3, 3, 6, 1, 0, '12:00:00'),
(1010, 3, 3, 6, 2, 0, '12:00:00'),
(1011, 3, 3, 6, 3, 0, '12:00:00'),
(1012, 3, 3, 6, 4, 0, '12:00:00'),
(1013, 3, 3, 6, 5, 0, '12:00:00'),
(1014, 3, 3, 6, 6, 0, '12:00:00'),
(1015, 3, 3, 6, 7, 0, '12:00:00'),
(1016, 3, 3, 6, 8, 0, '12:00:00'),
(1017, 3, 3, 7, 1, 0, '12:00:00'),
(1018, 3, 3, 7, 2, 0, '12:00:00'),
(1019, 3, 3, 7, 3, 0, '12:00:00'),
(1020, 3, 3, 7, 4, 0, '12:00:00'),
(1021, 3, 3, 7, 5, 0, '12:00:00'),
(1022, 3, 3, 7, 6, 0, '12:00:00'),
(1023, 3, 3, 7, 7, 0, '12:00:00'),
(1024, 3, 3, 7, 8, 0, '12:00:00'),
(1025, 3, 3, 8, 1, 0, '12:00:00'),
(1026, 3, 3, 8, 2, 0, '12:00:00'),
(1027, 3, 3, 8, 3, 0, '12:00:00'),
(1028, 3, 3, 8, 4, 0, '12:00:00'),
(1029, 3, 3, 8, 5, 0, '12:00:00'),
(1030, 3, 3, 8, 6, 0, '12:00:00'),
(1031, 3, 3, 8, 7, 0, '12:00:00'),
(1032, 3, 3, 8, 8, 0, '12:00:00'),
(1033, 3, 3, 9, 1, 0, '12:00:00'),
(1034, 3, 3, 9, 2, 0, '12:00:00'),
(1035, 3, 3, 9, 3, 0, '12:00:00'),
(1036, 3, 3, 9, 4, 0, '12:00:00'),
(1037, 3, 3, 9, 5, 0, '12:00:00'),
(1038, 3, 3, 9, 6, 0, '12:00:00'),
(1039, 3, 3, 9, 7, 0, '12:00:00'),
(1040, 3, 3, 9, 8, 0, '12:00:00'),
(1041, 3, 3, 10, 1, 0, '12:00:00'),
(1042, 3, 3, 10, 2, 0, '12:00:00'),
(1043, 3, 3, 10, 3, 0, '12:00:00'),
(1044, 3, 3, 10, 4, 0, '12:00:00'),
(1045, 3, 3, 10, 5, 0, '12:00:00'),
(1046, 3, 3, 10, 6, 0, '12:00:00'),
(1047, 3, 3, 10, 7, 0, '12:00:00'),
(1048, 3, 3, 10, 8, 0, '12:00:00'),
(1049, 3, 3, 11, 1, 0, '12:00:00'),
(1050, 3, 3, 11, 2, 0, '12:00:00'),
(1051, 3, 3, 11, 3, 0, '12:00:00'),
(1052, 3, 3, 11, 4, 0, '12:00:00'),
(1053, 3, 3, 11, 5, 0, '12:00:00'),
(1054, 3, 3, 11, 6, 0, '12:00:00'),
(1055, 3, 3, 11, 7, 0, '12:00:00'),
(1056, 3, 3, 11, 8, 0, '12:00:00'),
(1057, 3, 3, 1, 1, 0, '14:00:00'),
(1058, 3, 3, 1, 2, 0, '14:00:00'),
(1059, 3, 3, 1, 3, 0, '14:00:00'),
(1060, 3, 3, 1, 4, 0, '14:00:00'),
(1061, 3, 3, 1, 5, 0, '14:00:00'),
(1062, 3, 3, 1, 6, 0, '14:00:00'),
(1063, 3, 3, 1, 7, 0, '14:00:00'),
(1064, 3, 3, 1, 8, 0, '14:00:00'),
(1065, 3, 3, 2, 1, 0, '14:00:00'),
(1066, 3, 3, 2, 2, 1, '14:00:00'),
(1067, 3, 3, 2, 3, 0, '14:00:00'),
(1068, 3, 3, 2, 4, 0, '14:00:00'),
(1069, 3, 3, 2, 5, 0, '14:00:00'),
(1070, 3, 3, 2, 6, 0, '14:00:00'),
(1071, 3, 3, 2, 7, 0, '14:00:00'),
(1072, 3, 3, 2, 8, 0, '14:00:00'),
(1073, 3, 3, 3, 1, 0, '14:00:00'),
(1074, 3, 3, 3, 2, 0, '14:00:00'),
(1075, 3, 3, 3, 3, 0, '14:00:00'),
(1076, 3, 3, 3, 4, 0, '14:00:00'),
(1077, 3, 3, 3, 5, 0, '14:00:00'),
(1078, 3, 3, 3, 6, 0, '14:00:00'),
(1079, 3, 3, 3, 7, 0, '14:00:00'),
(1080, 3, 3, 3, 8, 0, '14:00:00'),
(1081, 3, 3, 4, 1, 0, '14:00:00'),
(1082, 3, 3, 4, 2, 0, '14:00:00'),
(1083, 3, 3, 4, 3, 0, '14:00:00'),
(1084, 3, 3, 4, 4, 0, '14:00:00'),
(1085, 3, 3, 4, 5, 0, '14:00:00'),
(1086, 3, 3, 4, 6, 0, '14:00:00'),
(1087, 3, 3, 4, 7, 0, '14:00:00'),
(1088, 3, 3, 4, 8, 0, '14:00:00'),
(1089, 3, 3, 5, 1, 0, '14:00:00'),
(1090, 3, 3, 5, 2, 0, '14:00:00'),
(1091, 3, 3, 5, 3, 0, '14:00:00'),
(1092, 3, 3, 5, 4, 0, '14:00:00'),
(1093, 3, 3, 5, 5, 0, '14:00:00'),
(1094, 3, 3, 5, 6, 0, '14:00:00'),
(1095, 3, 3, 5, 7, 0, '14:00:00'),
(1096, 3, 3, 5, 8, 0, '14:00:00'),
(1097, 3, 3, 6, 1, 0, '14:00:00'),
(1098, 3, 3, 6, 2, 0, '14:00:00'),
(1099, 3, 3, 6, 3, 0, '14:00:00'),
(1100, 3, 3, 6, 4, 0, '14:00:00'),
(1101, 3, 3, 6, 5, 0, '14:00:00'),
(1102, 3, 3, 6, 6, 0, '14:00:00'),
(1103, 3, 3, 6, 7, 0, '14:00:00'),
(1104, 3, 3, 6, 8, 0, '14:00:00'),
(1105, 3, 3, 7, 1, 0, '14:00:00'),
(1106, 3, 3, 7, 2, 0, '14:00:00'),
(1107, 3, 3, 7, 3, 0, '14:00:00'),
(1108, 3, 3, 7, 4, 0, '14:00:00'),
(1109, 3, 3, 7, 5, 0, '14:00:00'),
(1110, 3, 3, 7, 6, 0, '14:00:00'),
(1111, 3, 3, 7, 7, 0, '14:00:00'),
(1112, 3, 3, 7, 8, 0, '14:00:00'),
(1113, 3, 3, 8, 1, 0, '14:00:00'),
(1114, 3, 3, 8, 2, 0, '14:00:00'),
(1115, 3, 3, 8, 3, 0, '14:00:00'),
(1116, 3, 3, 8, 4, 0, '14:00:00'),
(1117, 3, 3, 8, 5, 0, '14:00:00'),
(1118, 3, 3, 8, 6, 0, '14:00:00'),
(1119, 3, 3, 8, 7, 0, '14:00:00'),
(1120, 3, 3, 8, 8, 0, '14:00:00'),
(1121, 3, 3, 9, 1, 0, '14:00:00'),
(1122, 3, 3, 9, 2, 0, '14:00:00'),
(1123, 3, 3, 9, 3, 0, '14:00:00'),
(1124, 3, 3, 9, 4, 0, '14:00:00'),
(1125, 3, 3, 9, 5, 0, '14:00:00'),
(1126, 3, 3, 9, 6, 0, '14:00:00'),
(1127, 3, 3, 9, 7, 0, '14:00:00'),
(1128, 3, 3, 9, 8, 0, '14:00:00'),
(1129, 3, 3, 10, 1, 0, '14:00:00'),
(1130, 3, 3, 10, 2, 0, '14:00:00'),
(1131, 3, 3, 10, 3, 0, '14:00:00'),
(1132, 3, 3, 10, 4, 0, '14:00:00'),
(1133, 3, 3, 10, 5, 0, '14:00:00'),
(1134, 3, 3, 10, 6, 0, '14:00:00'),
(1135, 3, 3, 10, 7, 0, '14:00:00'),
(1136, 3, 3, 10, 8, 0, '14:00:00'),
(1137, 3, 3, 11, 1, 0, '14:00:00'),
(1138, 3, 3, 11, 2, 0, '14:00:00'),
(1139, 3, 3, 11, 3, 0, '14:00:00'),
(1140, 3, 3, 11, 4, 0, '14:00:00'),
(1141, 3, 3, 11, 5, 0, '14:00:00'),
(1142, 3, 3, 11, 6, 0, '14:00:00'),
(1143, 3, 3, 11, 7, 0, '14:00:00'),
(1144, 3, 3, 11, 8, 0, '14:00:00'),
(1145, 3, 3, 1, 1, 0, '16:00:00'),
(1146, 3, 3, 1, 2, 0, '16:00:00'),
(1147, 3, 3, 1, 3, 0, '16:00:00'),
(1148, 3, 3, 1, 4, 0, '16:00:00'),
(1149, 3, 3, 1, 5, 0, '16:00:00'),
(1150, 3, 3, 1, 6, 0, '16:00:00'),
(1151, 3, 3, 1, 7, 0, '16:00:00'),
(1152, 3, 3, 1, 8, 0, '16:00:00'),
(1153, 3, 3, 2, 1, 0, '16:00:00'),
(1154, 3, 3, 2, 2, 0, '16:00:00'),
(1155, 3, 3, 2, 3, 0, '16:00:00'),
(1156, 3, 3, 2, 4, 0, '16:00:00'),
(1157, 3, 3, 2, 5, 0, '16:00:00'),
(1158, 3, 3, 2, 6, 0, '16:00:00'),
(1159, 3, 3, 2, 7, 0, '16:00:00'),
(1160, 3, 3, 2, 8, 0, '16:00:00'),
(1161, 3, 3, 3, 1, 0, '16:00:00'),
(1162, 3, 3, 3, 2, 0, '16:00:00'),
(1163, 3, 3, 3, 3, 1, '16:00:00'),
(1164, 3, 3, 3, 4, 0, '16:00:00'),
(1165, 3, 3, 3, 5, 0, '16:00:00'),
(1166, 3, 3, 3, 6, 0, '16:00:00'),
(1167, 3, 3, 3, 7, 0, '16:00:00'),
(1168, 3, 3, 3, 8, 0, '16:00:00'),
(1169, 3, 3, 4, 1, 0, '16:00:00'),
(1170, 3, 3, 4, 2, 0, '16:00:00'),
(1171, 3, 3, 4, 3, 0, '16:00:00'),
(1172, 3, 3, 4, 4, 0, '16:00:00'),
(1173, 3, 3, 4, 5, 0, '16:00:00'),
(1174, 3, 3, 4, 6, 0, '16:00:00'),
(1175, 3, 3, 4, 7, 0, '16:00:00'),
(1176, 3, 3, 4, 8, 0, '16:00:00'),
(1177, 3, 3, 5, 1, 0, '16:00:00'),
(1178, 3, 3, 5, 2, 0, '16:00:00'),
(1179, 3, 3, 5, 3, 0, '16:00:00'),
(1180, 3, 3, 5, 4, 0, '16:00:00'),
(1181, 3, 3, 5, 5, 0, '16:00:00'),
(1182, 3, 3, 5, 6, 0, '16:00:00'),
(1183, 3, 3, 5, 7, 0, '16:00:00'),
(1184, 3, 3, 5, 8, 0, '16:00:00'),
(1185, 3, 3, 6, 1, 0, '16:00:00'),
(1186, 3, 3, 6, 2, 0, '16:00:00'),
(1187, 3, 3, 6, 3, 0, '16:00:00'),
(1188, 3, 3, 6, 4, 0, '16:00:00'),
(1189, 3, 3, 6, 5, 0, '16:00:00'),
(1190, 3, 3, 6, 6, 0, '16:00:00'),
(1191, 3, 3, 6, 7, 0, '16:00:00'),
(1192, 3, 3, 6, 8, 0, '16:00:00'),
(1193, 3, 3, 7, 1, 0, '16:00:00'),
(1194, 3, 3, 7, 2, 0, '16:00:00'),
(1195, 3, 3, 7, 3, 0, '16:00:00'),
(1196, 3, 3, 7, 4, 0, '16:00:00'),
(1197, 3, 3, 7, 5, 0, '16:00:00'),
(1198, 3, 3, 7, 6, 0, '16:00:00'),
(1199, 3, 3, 7, 7, 0, '16:00:00'),
(1200, 3, 3, 7, 8, 0, '16:00:00'),
(1201, 3, 3, 8, 1, 0, '16:00:00'),
(1202, 3, 3, 8, 2, 0, '16:00:00'),
(1203, 3, 3, 8, 3, 0, '16:00:00'),
(1204, 3, 3, 8, 4, 0, '16:00:00'),
(1205, 3, 3, 8, 5, 0, '16:00:00'),
(1206, 3, 3, 8, 6, 0, '16:00:00'),
(1207, 3, 3, 8, 7, 0, '16:00:00'),
(1208, 3, 3, 8, 8, 0, '16:00:00'),
(1209, 3, 3, 9, 1, 0, '16:00:00'),
(1210, 3, 3, 9, 2, 0, '16:00:00'),
(1211, 3, 3, 9, 3, 0, '16:00:00'),
(1212, 3, 3, 9, 4, 0, '16:00:00'),
(1213, 3, 3, 9, 5, 0, '16:00:00'),
(1214, 3, 3, 9, 6, 0, '16:00:00'),
(1215, 3, 3, 9, 7, 0, '16:00:00'),
(1216, 3, 3, 9, 8, 0, '16:00:00'),
(1217, 3, 3, 10, 1, 0, '16:00:00'),
(1218, 3, 3, 10, 2, 0, '16:00:00'),
(1219, 3, 3, 10, 3, 0, '16:00:00'),
(1220, 3, 3, 10, 4, 0, '16:00:00'),
(1221, 3, 3, 10, 5, 0, '16:00:00'),
(1222, 3, 3, 10, 6, 0, '16:00:00'),
(1223, 3, 3, 10, 7, 0, '16:00:00'),
(1224, 3, 3, 10, 8, 0, '16:00:00'),
(1225, 3, 3, 11, 1, 0, '16:00:00'),
(1226, 3, 3, 11, 2, 0, '16:00:00'),
(1227, 3, 3, 11, 3, 0, '16:00:00'),
(1228, 3, 3, 11, 4, 0, '16:00:00'),
(1229, 3, 3, 11, 5, 0, '16:00:00'),
(1230, 3, 3, 11, 6, 0, '16:00:00'),
(1231, 3, 3, 11, 7, 0, '16:00:00'),
(1232, 3, 3, 11, 8, 0, '16:00:00'),
(1233, 3, 3, 1, 1, 0, '18:00:00'),
(1234, 3, 3, 1, 2, 0, '18:00:00'),
(1235, 3, 3, 1, 3, 0, '18:00:00'),
(1236, 3, 3, 1, 4, 0, '18:00:00'),
(1237, 3, 3, 1, 5, 0, '18:00:00'),
(1238, 3, 3, 1, 6, 0, '18:00:00'),
(1239, 3, 3, 1, 7, 0, '18:00:00'),
(1240, 3, 3, 1, 8, 0, '18:00:00'),
(1241, 3, 3, 2, 1, 0, '18:00:00'),
(1242, 3, 3, 2, 2, 0, '18:00:00'),
(1243, 3, 3, 2, 3, 0, '18:00:00'),
(1244, 3, 3, 2, 4, 0, '18:00:00'),
(1245, 3, 3, 2, 5, 0, '18:00:00'),
(1246, 3, 3, 2, 6, 0, '18:00:00'),
(1247, 3, 3, 2, 7, 0, '18:00:00'),
(1248, 3, 3, 2, 8, 0, '18:00:00'),
(1249, 3, 3, 3, 1, 0, '18:00:00'),
(1250, 3, 3, 3, 2, 0, '18:00:00'),
(1251, 3, 3, 3, 3, 0, '18:00:00'),
(1252, 3, 3, 3, 4, 0, '18:00:00'),
(1253, 3, 3, 3, 5, 0, '18:00:00'),
(1254, 3, 3, 3, 6, 0, '18:00:00'),
(1255, 3, 3, 3, 7, 0, '18:00:00'),
(1256, 3, 3, 3, 8, 0, '18:00:00'),
(1257, 3, 3, 4, 1, 0, '18:00:00'),
(1258, 3, 3, 4, 2, 0, '18:00:00'),
(1259, 3, 3, 4, 3, 0, '18:00:00'),
(1260, 3, 3, 4, 4, 1, '18:00:00'),
(1261, 3, 3, 4, 5, 0, '18:00:00'),
(1262, 3, 3, 4, 6, 0, '18:00:00'),
(1263, 3, 3, 4, 7, 0, '18:00:00'),
(1264, 3, 3, 4, 8, 0, '18:00:00'),
(1265, 3, 3, 5, 1, 0, '18:00:00'),
(1266, 3, 3, 5, 2, 0, '18:00:00'),
(1267, 3, 3, 5, 3, 0, '18:00:00'),
(1268, 3, 3, 5, 4, 0, '18:00:00'),
(1269, 3, 3, 5, 5, 0, '18:00:00'),
(1270, 3, 3, 5, 6, 0, '18:00:00'),
(1271, 3, 3, 5, 7, 0, '18:00:00'),
(1272, 3, 3, 5, 8, 0, '18:00:00'),
(1273, 3, 3, 6, 1, 0, '18:00:00'),
(1274, 3, 3, 6, 2, 0, '18:00:00'),
(1275, 3, 3, 6, 3, 0, '18:00:00'),
(1276, 3, 3, 6, 4, 0, '18:00:00'),
(1277, 3, 3, 6, 5, 0, '18:00:00'),
(1278, 3, 3, 6, 6, 0, '18:00:00'),
(1279, 3, 3, 6, 7, 0, '18:00:00'),
(1280, 3, 3, 6, 8, 0, '18:00:00'),
(1281, 3, 3, 7, 1, 0, '18:00:00'),
(1282, 3, 3, 7, 2, 0, '18:00:00'),
(1283, 3, 3, 7, 3, 0, '18:00:00'),
(1284, 3, 3, 7, 4, 0, '18:00:00'),
(1285, 3, 3, 7, 5, 0, '18:00:00'),
(1286, 3, 3, 7, 6, 0, '18:00:00'),
(1287, 3, 3, 7, 7, 0, '18:00:00'),
(1288, 3, 3, 7, 8, 0, '18:00:00'),
(1289, 3, 3, 8, 1, 0, '18:00:00'),
(1290, 3, 3, 8, 2, 0, '18:00:00'),
(1291, 3, 3, 8, 3, 0, '18:00:00'),
(1292, 3, 3, 8, 4, 0, '18:00:00'),
(1293, 3, 3, 8, 5, 0, '18:00:00'),
(1294, 3, 3, 8, 6, 0, '18:00:00'),
(1295, 3, 3, 8, 7, 0, '18:00:00'),
(1296, 3, 3, 8, 8, 0, '18:00:00'),
(1297, 3, 3, 9, 1, 0, '18:00:00'),
(1298, 3, 3, 9, 2, 0, '18:00:00'),
(1299, 3, 3, 9, 3, 0, '18:00:00'),
(1300, 3, 3, 9, 4, 0, '18:00:00'),
(1301, 3, 3, 9, 5, 0, '18:00:00'),
(1302, 3, 3, 9, 6, 0, '18:00:00'),
(1303, 3, 3, 9, 7, 0, '18:00:00'),
(1304, 3, 3, 9, 8, 0, '18:00:00'),
(1305, 3, 3, 10, 1, 0, '18:00:00'),
(1306, 3, 3, 10, 2, 0, '18:00:00'),
(1307, 3, 3, 10, 3, 0, '18:00:00'),
(1308, 3, 3, 10, 4, 0, '18:00:00'),
(1309, 3, 3, 10, 5, 0, '18:00:00'),
(1310, 3, 3, 10, 6, 0, '18:00:00'),
(1311, 3, 3, 10, 7, 0, '18:00:00'),
(1312, 3, 3, 10, 8, 0, '18:00:00'),
(1313, 3, 3, 11, 1, 0, '18:00:00'),
(1314, 3, 3, 11, 2, 0, '18:00:00'),
(1315, 3, 3, 11, 3, 0, '18:00:00'),
(1316, 3, 3, 11, 4, 0, '18:00:00'),
(1317, 3, 3, 11, 5, 0, '18:00:00'),
(1318, 3, 3, 11, 6, 0, '18:00:00'),
(1319, 3, 3, 11, 7, 0, '18:00:00'),
(1320, 3, 3, 11, 8, 0, '18:00:00'),
(1409, 4, 4, 1, 1, 0, '12:00:00'),
(1410, 4, 4, 1, 2, 0, '12:00:00'),
(1411, 4, 4, 1, 3, 0, '12:00:00'),
(1412, 4, 4, 1, 4, 0, '12:00:00'),
(1413, 4, 4, 1, 5, 0, '12:00:00'),
(1414, 4, 4, 1, 6, 0, '12:00:00'),
(1415, 4, 4, 1, 7, 0, '12:00:00'),
(1416, 4, 4, 1, 8, 1, '12:00:00'),
(1417, 4, 4, 2, 1, 0, '12:00:00'),
(1418, 4, 4, 2, 2, 0, '12:00:00'),
(1419, 4, 4, 2, 3, 0, '12:00:00'),
(1420, 4, 4, 2, 4, 0, '12:00:00'),
(1421, 4, 4, 2, 5, 0, '12:00:00'),
(1422, 4, 4, 2, 6, 0, '12:00:00'),
(1423, 4, 4, 2, 7, 0, '12:00:00'),
(1424, 4, 4, 2, 8, 0, '12:00:00'),
(1425, 4, 4, 3, 1, 0, '12:00:00'),
(1426, 4, 4, 3, 2, 0, '12:00:00'),
(1427, 4, 4, 3, 3, 0, '12:00:00'),
(1428, 4, 4, 3, 4, 0, '12:00:00'),
(1429, 4, 4, 3, 5, 0, '12:00:00'),
(1430, 4, 4, 3, 6, 0, '12:00:00'),
(1431, 4, 4, 3, 7, 0, '12:00:00'),
(1432, 4, 4, 3, 8, 0, '12:00:00'),
(1433, 4, 4, 4, 1, 0, '12:00:00'),
(1434, 4, 4, 4, 2, 0, '12:00:00'),
(1435, 4, 4, 4, 3, 0, '12:00:00'),
(1436, 4, 4, 4, 4, 0, '12:00:00'),
(1437, 4, 4, 4, 5, 0, '12:00:00'),
(1438, 4, 4, 4, 6, 0, '12:00:00'),
(1439, 4, 4, 4, 7, 0, '12:00:00'),
(1440, 4, 4, 4, 8, 0, '12:00:00'),
(1441, 4, 4, 5, 1, 0, '12:00:00'),
(1442, 4, 4, 5, 2, 0, '12:00:00'),
(1443, 4, 4, 5, 3, 0, '12:00:00'),
(1444, 4, 4, 5, 4, 0, '12:00:00'),
(1445, 4, 4, 5, 5, 0, '12:00:00'),
(1446, 4, 4, 5, 6, 0, '12:00:00'),
(1447, 4, 4, 5, 7, 0, '12:00:00'),
(1448, 4, 4, 5, 8, 0, '12:00:00'),
(1449, 4, 4, 6, 1, 0, '12:00:00'),
(1450, 4, 4, 6, 2, 0, '12:00:00'),
(1451, 4, 4, 6, 3, 0, '12:00:00'),
(1452, 4, 4, 6, 4, 0, '12:00:00'),
(1453, 4, 4, 6, 5, 0, '12:00:00'),
(1454, 4, 4, 6, 6, 0, '12:00:00'),
(1455, 4, 4, 6, 7, 0, '12:00:00'),
(1456, 4, 4, 6, 8, 0, '12:00:00'),
(1457, 4, 4, 7, 1, 0, '12:00:00'),
(1458, 4, 4, 7, 2, 0, '12:00:00'),
(1459, 4, 4, 7, 3, 0, '12:00:00'),
(1460, 4, 4, 7, 4, 0, '12:00:00'),
(1461, 4, 4, 7, 5, 0, '12:00:00'),
(1462, 4, 4, 7, 6, 0, '12:00:00'),
(1463, 4, 4, 7, 7, 0, '12:00:00'),
(1464, 4, 4, 7, 8, 0, '12:00:00'),
(1465, 4, 4, 8, 1, 0, '12:00:00'),
(1466, 4, 4, 8, 2, 0, '12:00:00'),
(1467, 4, 4, 8, 3, 0, '12:00:00'),
(1468, 4, 4, 8, 4, 0, '12:00:00'),
(1469, 4, 4, 8, 5, 0, '12:00:00'),
(1470, 4, 4, 8, 6, 0, '12:00:00'),
(1471, 4, 4, 8, 7, 0, '12:00:00'),
(1472, 4, 4, 8, 8, 0, '12:00:00'),
(1473, 4, 4, 9, 1, 0, '12:00:00'),
(1474, 4, 4, 9, 2, 0, '12:00:00'),
(1475, 4, 4, 9, 3, 0, '12:00:00'),
(1476, 4, 4, 9, 4, 0, '12:00:00'),
(1477, 4, 4, 9, 5, 0, '12:00:00'),
(1478, 4, 4, 9, 6, 0, '12:00:00'),
(1479, 4, 4, 9, 7, 0, '12:00:00'),
(1480, 4, 4, 9, 8, 0, '12:00:00'),
(1481, 4, 4, 10, 1, 0, '12:00:00'),
(1482, 4, 4, 10, 2, 0, '12:00:00'),
(1483, 4, 4, 10, 3, 0, '12:00:00'),
(1484, 4, 4, 10, 4, 0, '12:00:00'),
(1485, 4, 4, 10, 5, 0, '12:00:00'),
(1486, 4, 4, 10, 6, 0, '12:00:00'),
(1487, 4, 4, 10, 7, 0, '12:00:00'),
(1488, 4, 4, 10, 8, 0, '12:00:00'),
(1489, 4, 4, 11, 1, 0, '12:00:00'),
(1490, 4, 4, 11, 2, 0, '12:00:00'),
(1491, 4, 4, 11, 3, 0, '12:00:00'),
(1492, 4, 4, 11, 4, 0, '12:00:00'),
(1493, 4, 4, 11, 5, 0, '12:00:00'),
(1494, 4, 4, 11, 6, 0, '12:00:00'),
(1495, 4, 4, 11, 7, 0, '12:00:00'),
(1496, 4, 4, 11, 8, 0, '12:00:00'),
(1497, 4, 4, 1, 1, 0, '14:00:00'),
(1498, 4, 4, 1, 2, 0, '14:00:00'),
(1499, 4, 4, 1, 3, 0, '14:00:00'),
(1500, 4, 4, 1, 4, 0, '14:00:00'),
(1501, 4, 4, 1, 5, 0, '14:00:00'),
(1502, 4, 4, 1, 6, 0, '14:00:00'),
(1503, 4, 4, 1, 7, 0, '14:00:00'),
(1504, 4, 4, 1, 8, 0, '14:00:00'),
(1505, 4, 4, 2, 1, 0, '14:00:00'),
(1506, 4, 4, 2, 2, 0, '14:00:00'),
(1507, 4, 4, 2, 3, 0, '14:00:00'),
(1508, 4, 4, 2, 4, 0, '14:00:00'),
(1509, 4, 4, 2, 5, 0, '14:00:00'),
(1510, 4, 4, 2, 6, 0, '14:00:00'),
(1511, 4, 4, 2, 7, 0, '14:00:00'),
(1512, 4, 4, 2, 8, 1, '14:00:00'),
(1513, 4, 4, 3, 1, 0, '14:00:00'),
(1514, 4, 4, 3, 2, 0, '14:00:00'),
(1515, 4, 4, 3, 3, 0, '14:00:00'),
(1516, 4, 4, 3, 4, 0, '14:00:00'),
(1517, 4, 4, 3, 5, 0, '14:00:00'),
(1518, 4, 4, 3, 6, 0, '14:00:00'),
(1519, 4, 4, 3, 7, 0, '14:00:00'),
(1520, 4, 4, 3, 8, 0, '14:00:00'),
(1521, 4, 4, 4, 1, 0, '14:00:00'),
(1522, 4, 4, 4, 2, 0, '14:00:00'),
(1523, 4, 4, 4, 3, 0, '14:00:00'),
(1524, 4, 4, 4, 4, 0, '14:00:00'),
(1525, 4, 4, 4, 5, 0, '14:00:00'),
(1526, 4, 4, 4, 6, 0, '14:00:00'),
(1527, 4, 4, 4, 7, 0, '14:00:00'),
(1528, 4, 4, 4, 8, 0, '14:00:00'),
(1529, 4, 4, 5, 1, 0, '14:00:00'),
(1530, 4, 4, 5, 2, 0, '14:00:00'),
(1531, 4, 4, 5, 3, 0, '14:00:00'),
(1532, 4, 4, 5, 4, 0, '14:00:00'),
(1533, 4, 4, 5, 5, 0, '14:00:00'),
(1534, 4, 4, 5, 6, 0, '14:00:00'),
(1535, 4, 4, 5, 7, 0, '14:00:00'),
(1536, 4, 4, 5, 8, 0, '14:00:00'),
(1537, 4, 4, 6, 1, 0, '14:00:00'),
(1538, 4, 4, 6, 2, 0, '14:00:00'),
(1539, 4, 4, 6, 3, 0, '14:00:00'),
(1540, 4, 4, 6, 4, 0, '14:00:00'),
(1541, 4, 4, 6, 5, 0, '14:00:00'),
(1542, 4, 4, 6, 6, 0, '14:00:00'),
(1543, 4, 4, 6, 7, 0, '14:00:00'),
(1544, 4, 4, 6, 8, 0, '14:00:00'),
(1545, 4, 4, 7, 1, 0, '14:00:00'),
(1546, 4, 4, 7, 2, 0, '14:00:00'),
(1547, 4, 4, 7, 3, 0, '14:00:00'),
(1548, 4, 4, 7, 4, 0, '14:00:00'),
(1549, 4, 4, 7, 5, 0, '14:00:00'),
(1550, 4, 4, 7, 6, 0, '14:00:00'),
(1551, 4, 4, 7, 7, 0, '14:00:00'),
(1552, 4, 4, 7, 8, 0, '14:00:00'),
(1553, 4, 4, 8, 1, 0, '14:00:00'),
(1554, 4, 4, 8, 2, 0, '14:00:00'),
(1555, 4, 4, 8, 3, 0, '14:00:00'),
(1556, 4, 4, 8, 4, 0, '14:00:00'),
(1557, 4, 4, 8, 5, 0, '14:00:00'),
(1558, 4, 4, 8, 6, 0, '14:00:00'),
(1559, 4, 4, 8, 7, 0, '14:00:00'),
(1560, 4, 4, 8, 8, 0, '14:00:00'),
(1561, 4, 4, 9, 1, 0, '14:00:00'),
(1562, 4, 4, 9, 2, 0, '14:00:00'),
(1563, 4, 4, 9, 3, 0, '14:00:00'),
(1564, 4, 4, 9, 4, 0, '14:00:00'),
(1565, 4, 4, 9, 5, 0, '14:00:00'),
(1566, 4, 4, 9, 6, 0, '14:00:00'),
(1567, 4, 4, 9, 7, 0, '14:00:00'),
(1568, 4, 4, 9, 8, 0, '14:00:00'),
(1569, 4, 4, 10, 1, 0, '14:00:00'),
(1570, 4, 4, 10, 2, 0, '14:00:00'),
(1571, 4, 4, 10, 3, 0, '14:00:00'),
(1572, 4, 4, 10, 4, 0, '14:00:00'),
(1573, 4, 4, 10, 5, 0, '14:00:00'),
(1574, 4, 4, 10, 6, 0, '14:00:00'),
(1575, 4, 4, 10, 7, 0, '14:00:00'),
(1576, 4, 4, 10, 8, 0, '14:00:00'),
(1577, 4, 4, 11, 1, 0, '14:00:00'),
(1578, 4, 4, 11, 2, 0, '14:00:00'),
(1579, 4, 4, 11, 3, 0, '14:00:00'),
(1580, 4, 4, 11, 4, 0, '14:00:00'),
(1581, 4, 4, 11, 5, 0, '14:00:00'),
(1582, 4, 4, 11, 6, 0, '14:00:00'),
(1583, 4, 4, 11, 7, 0, '14:00:00'),
(1584, 4, 4, 11, 8, 0, '14:00:00'),
(1585, 4, 4, 1, 1, 0, '16:00:00'),
(1586, 4, 4, 1, 2, 0, '16:00:00'),
(1587, 4, 4, 1, 3, 0, '16:00:00'),
(1588, 4, 4, 1, 4, 0, '16:00:00'),
(1589, 4, 4, 1, 5, 0, '16:00:00'),
(1590, 4, 4, 1, 6, 0, '16:00:00'),
(1591, 4, 4, 1, 7, 0, '16:00:00'),
(1592, 4, 4, 1, 8, 0, '16:00:00'),
(1593, 4, 4, 2, 1, 0, '16:00:00'),
(1594, 4, 4, 2, 2, 0, '16:00:00'),
(1595, 4, 4, 2, 3, 0, '16:00:00'),
(1596, 4, 4, 2, 4, 0, '16:00:00'),
(1597, 4, 4, 2, 5, 0, '16:00:00'),
(1598, 4, 4, 2, 6, 0, '16:00:00'),
(1599, 4, 4, 2, 7, 0, '16:00:00'),
(1600, 4, 4, 2, 8, 0, '16:00:00'),
(1601, 4, 4, 3, 1, 0, '16:00:00'),
(1602, 4, 4, 3, 2, 0, '16:00:00'),
(1603, 4, 4, 3, 3, 0, '16:00:00'),
(1604, 4, 4, 3, 4, 0, '16:00:00'),
(1605, 4, 4, 3, 5, 0, '16:00:00'),
(1606, 4, 4, 3, 6, 0, '16:00:00'),
(1607, 4, 4, 3, 7, 0, '16:00:00'),
(1608, 4, 4, 3, 8, 1, '16:00:00'),
(1609, 4, 4, 4, 1, 0, '16:00:00'),
(1610, 4, 4, 4, 2, 0, '16:00:00'),
(1611, 4, 4, 4, 3, 0, '16:00:00'),
(1612, 4, 4, 4, 4, 0, '16:00:00'),
(1613, 4, 4, 4, 5, 0, '16:00:00'),
(1614, 4, 4, 4, 6, 0, '16:00:00'),
(1615, 4, 4, 4, 7, 0, '16:00:00'),
(1616, 4, 4, 4, 8, 0, '16:00:00'),
(1617, 4, 4, 5, 1, 0, '16:00:00'),
(1618, 4, 4, 5, 2, 0, '16:00:00'),
(1619, 4, 4, 5, 3, 0, '16:00:00'),
(1620, 4, 4, 5, 4, 0, '16:00:00'),
(1621, 4, 4, 5, 5, 0, '16:00:00'),
(1622, 4, 4, 5, 6, 0, '16:00:00'),
(1623, 4, 4, 5, 7, 0, '16:00:00'),
(1624, 4, 4, 5, 8, 0, '16:00:00'),
(1625, 4, 4, 6, 1, 0, '16:00:00'),
(1626, 4, 4, 6, 2, 0, '16:00:00'),
(1627, 4, 4, 6, 3, 0, '16:00:00'),
(1628, 4, 4, 6, 4, 0, '16:00:00'),
(1629, 4, 4, 6, 5, 0, '16:00:00'),
(1630, 4, 4, 6, 6, 0, '16:00:00'),
(1631, 4, 4, 6, 7, 0, '16:00:00'),
(1632, 4, 4, 6, 8, 0, '16:00:00'),
(1633, 4, 4, 7, 1, 0, '16:00:00'),
(1634, 4, 4, 7, 2, 0, '16:00:00'),
(1635, 4, 4, 7, 3, 0, '16:00:00'),
(1636, 4, 4, 7, 4, 0, '16:00:00'),
(1637, 4, 4, 7, 5, 0, '16:00:00'),
(1638, 4, 4, 7, 6, 0, '16:00:00'),
(1639, 4, 4, 7, 7, 0, '16:00:00'),
(1640, 4, 4, 7, 8, 0, '16:00:00'),
(1641, 4, 4, 8, 1, 0, '16:00:00'),
(1642, 4, 4, 8, 2, 0, '16:00:00'),
(1643, 4, 4, 8, 3, 0, '16:00:00'),
(1644, 4, 4, 8, 4, 0, '16:00:00'),
(1645, 4, 4, 8, 5, 0, '16:00:00'),
(1646, 4, 4, 8, 6, 0, '16:00:00'),
(1647, 4, 4, 8, 7, 0, '16:00:00'),
(1648, 4, 4, 8, 8, 0, '16:00:00'),
(1649, 4, 4, 9, 1, 0, '16:00:00'),
(1650, 4, 4, 9, 2, 0, '16:00:00'),
(1651, 4, 4, 9, 3, 0, '16:00:00'),
(1652, 4, 4, 9, 4, 0, '16:00:00'),
(1653, 4, 4, 9, 5, 0, '16:00:00'),
(1654, 4, 4, 9, 6, 0, '16:00:00'),
(1655, 4, 4, 9, 7, 0, '16:00:00'),
(1656, 4, 4, 9, 8, 0, '16:00:00'),
(1657, 4, 4, 10, 1, 0, '16:00:00'),
(1658, 4, 4, 10, 2, 0, '16:00:00'),
(1659, 4, 4, 10, 3, 0, '16:00:00'),
(1660, 4, 4, 10, 4, 0, '16:00:00'),
(1661, 4, 4, 10, 5, 0, '16:00:00'),
(1662, 4, 4, 10, 6, 0, '16:00:00'),
(1663, 4, 4, 10, 7, 0, '16:00:00'),
(1664, 4, 4, 10, 8, 0, '16:00:00'),
(1665, 4, 4, 11, 1, 0, '16:00:00'),
(1666, 4, 4, 11, 2, 0, '16:00:00'),
(1667, 4, 4, 11, 3, 0, '16:00:00'),
(1668, 4, 4, 11, 4, 0, '16:00:00'),
(1669, 4, 4, 11, 5, 0, '16:00:00'),
(1670, 4, 4, 11, 6, 0, '16:00:00'),
(1671, 4, 4, 11, 7, 0, '16:00:00'),
(1672, 4, 4, 11, 8, 0, '16:00:00'),
(1673, 4, 4, 1, 1, 0, '18:00:00'),
(1674, 4, 4, 1, 2, 0, '18:00:00'),
(1675, 4, 4, 1, 3, 0, '18:00:00'),
(1676, 4, 4, 1, 4, 0, '18:00:00'),
(1677, 4, 4, 1, 5, 0, '18:00:00'),
(1678, 4, 4, 1, 6, 0, '18:00:00'),
(1679, 4, 4, 1, 7, 0, '18:00:00'),
(1680, 4, 4, 1, 8, 0, '18:00:00'),
(1681, 4, 4, 2, 1, 0, '18:00:00'),
(1682, 4, 4, 2, 2, 0, '18:00:00'),
(1683, 4, 4, 2, 3, 0, '18:00:00'),
(1684, 4, 4, 2, 4, 0, '18:00:00'),
(1685, 4, 4, 2, 5, 0, '18:00:00'),
(1686, 4, 4, 2, 6, 0, '18:00:00'),
(1687, 4, 4, 2, 7, 0, '18:00:00'),
(1688, 4, 4, 2, 8, 0, '18:00:00'),
(1689, 4, 4, 3, 1, 0, '18:00:00'),
(1690, 4, 4, 3, 2, 0, '18:00:00'),
(1691, 4, 4, 3, 3, 0, '18:00:00'),
(1692, 4, 4, 3, 4, 0, '18:00:00'),
(1693, 4, 4, 3, 5, 0, '18:00:00'),
(1694, 4, 4, 3, 6, 0, '18:00:00'),
(1695, 4, 4, 3, 7, 0, '18:00:00'),
(1696, 4, 4, 3, 8, 0, '18:00:00'),
(1697, 4, 4, 4, 1, 0, '18:00:00'),
(1698, 4, 4, 4, 2, 0, '18:00:00'),
(1699, 4, 4, 4, 3, 0, '18:00:00'),
(1700, 4, 4, 4, 4, 0, '18:00:00'),
(1701, 4, 4, 4, 5, 0, '18:00:00'),
(1702, 4, 4, 4, 6, 0, '18:00:00'),
(1703, 4, 4, 4, 7, 0, '18:00:00'),
(1704, 4, 4, 4, 8, 1, '18:00:00'),
(1705, 4, 4, 5, 1, 0, '18:00:00'),
(1706, 4, 4, 5, 2, 0, '18:00:00'),
(1707, 4, 4, 5, 3, 0, '18:00:00'),
(1708, 4, 4, 5, 4, 0, '18:00:00'),
(1709, 4, 4, 5, 5, 0, '18:00:00'),
(1710, 4, 4, 5, 6, 0, '18:00:00'),
(1711, 4, 4, 5, 7, 0, '18:00:00'),
(1712, 4, 4, 5, 8, 0, '18:00:00'),
(1713, 4, 4, 6, 1, 0, '18:00:00'),
(1714, 4, 4, 6, 2, 0, '18:00:00'),
(1715, 4, 4, 6, 3, 0, '18:00:00'),
(1716, 4, 4, 6, 4, 0, '18:00:00'),
(1717, 4, 4, 6, 5, 0, '18:00:00'),
(1718, 4, 4, 6, 6, 0, '18:00:00'),
(1719, 4, 4, 6, 7, 0, '18:00:00'),
(1720, 4, 4, 6, 8, 0, '18:00:00'),
(1721, 4, 4, 7, 1, 0, '18:00:00'),
(1722, 4, 4, 7, 2, 0, '18:00:00'),
(1723, 4, 4, 7, 3, 0, '18:00:00'),
(1724, 4, 4, 7, 4, 0, '18:00:00'),
(1725, 4, 4, 7, 5, 0, '18:00:00'),
(1726, 4, 4, 7, 6, 0, '18:00:00'),
(1727, 4, 4, 7, 7, 0, '18:00:00'),
(1728, 4, 4, 7, 8, 0, '18:00:00'),
(1729, 4, 4, 8, 1, 0, '18:00:00'),
(1730, 4, 4, 8, 2, 0, '18:00:00'),
(1731, 4, 4, 8, 3, 0, '18:00:00'),
(1732, 4, 4, 8, 4, 0, '18:00:00'),
(1733, 4, 4, 8, 5, 0, '18:00:00'),
(1734, 4, 4, 8, 6, 0, '18:00:00'),
(1735, 4, 4, 8, 7, 0, '18:00:00'),
(1736, 4, 4, 8, 8, 0, '18:00:00'),
(1737, 4, 4, 9, 1, 0, '18:00:00'),
(1738, 4, 4, 9, 2, 0, '18:00:00'),
(1739, 4, 4, 9, 3, 0, '18:00:00'),
(1740, 4, 4, 9, 4, 0, '18:00:00'),
(1741, 4, 4, 9, 5, 0, '18:00:00'),
(1742, 4, 4, 9, 6, 0, '18:00:00'),
(1743, 4, 4, 9, 7, 0, '18:00:00'),
(1744, 4, 4, 9, 8, 0, '18:00:00'),
(1745, 4, 4, 10, 1, 0, '18:00:00'),
(1746, 4, 4, 10, 2, 0, '18:00:00'),
(1747, 4, 4, 10, 3, 0, '18:00:00'),
(1748, 4, 4, 10, 4, 0, '18:00:00'),
(1749, 4, 4, 10, 5, 0, '18:00:00'),
(1750, 4, 4, 10, 6, 0, '18:00:00'),
(1751, 4, 4, 10, 7, 0, '18:00:00'),
(1752, 4, 4, 10, 8, 0, '18:00:00'),
(1753, 4, 4, 11, 1, 0, '18:00:00'),
(1754, 4, 4, 11, 2, 0, '18:00:00'),
(1755, 4, 4, 11, 3, 0, '18:00:00'),
(1756, 4, 4, 11, 4, 0, '18:00:00'),
(1757, 4, 4, 11, 5, 0, '18:00:00'),
(1758, 4, 4, 11, 6, 0, '18:00:00'),
(1759, 4, 4, 11, 7, 0, '18:00:00'),
(1760, 4, 4, 11, 8, 0, '18:00:00');

-- --------------------------------------------------------

--
-- Tablo için tablo yapısı `salonlar`
--

CREATE TABLE `salonlar` (
  `salonID` int(11) NOT NULL,
  `salonAdi` varchar(255) DEFAULT NULL,
  `koltukSayisi` int(11) DEFAULT NULL
) ENGINE=InnoDB DEFAULT CHARSET=utf8mb4 COLLATE=utf8mb4_general_ci;

--
-- Tablo döküm verisi `salonlar`
--

INSERT INTO `salonlar` (`salonID`, `salonAdi`, `koltukSayisi`) VALUES
(1, 'Salon1', 88),
(2, 'Salon2', 88),
(3, 'Salon3', 88),
(4, 'Salon4', 88);

-- --------------------------------------------------------

--
-- Tablo için tablo yapısı `users`
--

CREATE TABLE `users` (
  `id` int(11) NOT NULL,
  `kullaniciadi` varchar(20) NOT NULL,
  `sifre` varchar(20) NOT NULL,
  `bakiye` decimal(10,0) NOT NULL DEFAULT 0,
  `son_giris_tarihi` date NOT NULL DEFAULT '2023-01-01'
) ENGINE=InnoDB DEFAULT CHARSET=utf8mb4 COLLATE=utf8mb4_general_ci;

--
-- Tablo döküm verisi `users`
--

INSERT INTO `users` (`id`, `kullaniciadi`, `sifre`, `bakiye`, `son_giris_tarihi`) VALUES
(1, 'admin', 'admin123', 10150, '2023-12-27'),
(19, 'Ümitcan', '123', 1100, '2023-12-30'),
(29, 'Murat', '123', 430, '2023-12-25'),
(32, 'ahmad', '123', 0, '2023-12-26');

--
-- Dökümü yapılmış tablolar için indeksler
--

--
-- Tablo için indeksler `biletler`
--
ALTER TABLE `biletler`
  ADD PRIMARY KEY (`biletID`),
  ADD KEY `kullaniciID` (`kullaniciID`),
  ADD KEY `filmID` (`filmID`),
  ADD KEY `salonID` (`salonID`),
  ADD KEY `koltukID` (`koltukID`);

--
-- Tablo için indeksler `filmler`
--
ALTER TABLE `filmler`
  ADD PRIMARY KEY (`filmID`);

--
-- Tablo için indeksler `koltuklar`
--
ALTER TABLE `koltuklar`
  ADD PRIMARY KEY (`koltukID`),
  ADD KEY `filmID` (`filmID`),
  ADD KEY `salonID` (`salonID`);

--
-- Tablo için indeksler `salonlar`
--
ALTER TABLE `salonlar`
  ADD PRIMARY KEY (`salonID`);

--
-- Tablo için indeksler `users`
--
ALTER TABLE `users`
  ADD PRIMARY KEY (`id`);

--
-- Dökümü yapılmış tablolar için AUTO_INCREMENT değeri
--

--
-- Tablo için AUTO_INCREMENT değeri `biletler`
--
ALTER TABLE `biletler`
  MODIFY `biletID` int(11) NOT NULL AUTO_INCREMENT, AUTO_INCREMENT=42;

--
-- Tablo için AUTO_INCREMENT değeri `filmler`
--
ALTER TABLE `filmler`
  MODIFY `filmID` int(11) NOT NULL AUTO_INCREMENT, AUTO_INCREMENT=5;

--
-- Tablo için AUTO_INCREMENT değeri `koltuklar`
--
ALTER TABLE `koltuklar`
  MODIFY `koltukID` int(11) NOT NULL AUTO_INCREMENT, AUTO_INCREMENT=1761;

--
-- Tablo için AUTO_INCREMENT değeri `salonlar`
--
ALTER TABLE `salonlar`
  MODIFY `salonID` int(11) NOT NULL AUTO_INCREMENT, AUTO_INCREMENT=6;

--
-- Tablo için AUTO_INCREMENT değeri `users`
--
ALTER TABLE `users`
  MODIFY `id` int(11) NOT NULL AUTO_INCREMENT, AUTO_INCREMENT=36;

--
-- Dökümü yapılmış tablolar için kısıtlamalar
--

--
-- Tablo kısıtlamaları `koltuklar`
--
ALTER TABLE `koltuklar`
  ADD CONSTRAINT `koltuklar_ibfk_1` FOREIGN KEY (`filmID`) REFERENCES `filmler` (`filmID`),
  ADD CONSTRAINT `koltuklar_ibfk_2` FOREIGN KEY (`salonID`) REFERENCES `salonlar` (`salonID`);
COMMIT;

/*!40101 SET CHARACTER_SET_CLIENT=@OLD_CHARACTER_SET_CLIENT */;
/*!40101 SET CHARACTER_SET_RESULTS=@OLD_CHARACTER_SET_RESULTS */;
/*!40101 SET COLLATION_CONNECTION=@OLD_COLLATION_CONNECTION */;
